Rk,Player,Squad,Gls,Sh,SoT,SoT%,Sh/90,SoT/90,G/Sh,G/SoT,Dist,FK,PK,PKatt,xG,npxG,npxG/Sh,G-xG,np:G-xG,Date_Time,Random_Number
1,Pape Abou Cisse,Olympiacos ,0,5,0,0.0,1.0,0.0,0.0,,20.5,1,0,0,0.4,0.4,0.08,-0.4,-0.4,2020-09-03 01:38:25,82
2,Tammy Abraham,Chelsea ,1,6,2,33.3,2.33,0.78,0.17,0.5,11.3,0,0,0,0.9,0.9,0.15,0.1,0.1,2020-04-15 17:10:40,26
3,Francesco Acerbi,Lazio ,0,3,1,33.3,0.5,0.17,0.0,0.0,14.8,0,0,0,0.2,0.2,0.06,-0.2,-0.2,2020-02-09 11:03:34,43
4,Marcos Acuña,Sevilla ,0,0,0,,0.0,0.0,,,,0,0,0,0.0,0.0,,0.0,0.0,2020-08-19 14:02:19,42
5,Tyler Adams,RB Leipzig,0,0,0,,0.0,0.0,,,,0,0,0,0.0,0.0,,0.0,0.0,2020-05-18 04:31:17,77
6,Karim Adeyemi,RB Salzburg,1,2,1,50.0,3.4,1.7,0.5,1.0,15.9,0,0,0,0.6,0.6,0.28,0.4,0.4,2020-01-03 01:03:47,45
7,Adrián,Liverpool ,0,0,0,,0.0,0.0,,,,0,0,0,0.0,0.0,,0.0,0.0,2020-04-09 17:57:57,47
8,Nayef Aguerd,Rennes ,0,3,0,0.0,0.98,0.0,0.0,,18.6,0,0,0,0.1,0.1,0.03,-0.1,-0.1,2020-01-13 04:48:08,61
9,Sergio Agüero,Manchester City,2,1,1,100.0,0.86,0.86,1.0,1.0,3.0,0,1,1,1.4,0.7,0.66,0.6,0.3,2020-12-23 18:31:15,51
10,Manuel Akanji,Dortmund ,0,2,1,50.0,0.5,0.25,0.0,0.0,20.1,1,0,0,0.1,0.1,0.07,-0.1,-0.1,2020-01-23 02:58:57,63
11,Marley Aké,Marseille ,0,1,0,0.0,2.31,0.0,0.0,,4.1,0,0,0,0.1,0.1,0.09,-0.1,-0.1,2020-12-28 10:08:48,4
12,Nathan Aké,Manchester City,0,1,1,100.0,0.5,0.5,0.0,0.0,7.0,0,0,0,0.1,0.1,0.15,-0.1,-0.1,2020-09-24 23:34:43,42
13,Jean-Daniel Akpa-Akpro,Lazio ,1,3,1,33.3,0.99,0.33,0.33,1.0,13.8,0,0,0,0.4,0.4,0.13,0.6,0.6,2020-02-21 06:48:07,49
14,David Alaba,Bayern Munich,0,0,0,,0.0,0.0,,,,0,0,0,0.0,0.0,,0.0,0.0,2020-07-22 08:08:29,98
15,Jordi Alba,Barcelona ,0,1,0,0.0,0.3,0.0,0.0,,14.9,0,0,0,0.1,0.1,0.06,-0.1,-0.1,2020-10-12 15:11:41,53
16,Luis Alberto,Lazio ,0,5,3,60.0,1.4,0.84,0.0,0.0,20.4,0,0,0,0.4,0.4,0.08,-0.4,-0.4,2020-04-22 11:22:03,7
17,Danijel Aleksi?,Ba?ak?ehir ,0,4,2,50.0,3.33,1.67,0.0,0.0,22.4,1,0,0,0.1,0.1,0.03,-0.1,-0.1,2020-11-08 21:40:07,18
18,Carles Aleñá,Barcelona ,0,3,0,0.0,2.18,0.0,0.0,,24.7,0,0,0,0.1,0.1,0.02,-0.1,-0.1,2020-06-28 02:13:40,87
19,Trent Alexander-Arnold,Liverpool ,0,0,0,,0.0,0.0,,,,0,0,0,0.0,0.0,,0.0,0.0,2020-10-17 06:48:51,60
20,Hasan Ali Kald?r?m,Ba?ak?ehir ,0,0,0,,0.0,0.0,,,,0,0,0,0.0,0.0,,0.0,0.0,2020-07-02 23:22:51,91
21,Alisson,Liverpool ,0,0,0,,0.0,0.0,,,,0,0,0,0.0,0.0,,0.0,0.0,2020-06-13 06:50:34,84
22,Éder Álvarez Balanta,Club Brugge,0,0,0,,0.0,0.0,,,,0,0,0,0.0,0.0,,0.0,0.0,2020-10-28 06:52:14,23
23,Edson Álvarez,Ajax ,0,0,0,,0.0,0.0,,,,0,0,0,0.0,0.0,,0.0,0.0,2020-01-23 07:16:47,29
24,Jordan Amavi,Marseille ,0,1,0,0.0,0.2,0.0,0.0,,32.4,0,0,0,0.0,0.0,0.01,0.0,0.0,2020-06-29 02:00:05,76
25,Mikkel Andersen,Midtjylland ,0,0,0,,0.0,0.0,,,,0,0,0,0.0,0.0,,0.0,0.0,2020-07-02 18:43:13,26
26,Felipe Anderson,Porto ,0,0,0,,0.0,0.0,,,,0,0,0,0.0,0.0,,0.0,0.0,2020-01-17 06:57:16,23
27,Mikael Anderson,Midtjylland ,0,4,1,25.0,2.13,0.53,0.0,0.0,20.2,0,0,0,0.1,0.1,0.03,-0.1,-0.1,2020-12-17 21:26:35,66
28,Joel Andersson,Midtjylland ,0,0,0,,0.0,0.0,,,,0,0,0,0.0,0.0,,0.0,0.0,2020-04-30 09:51:35,70
29,Oleksandr Andriyevskyi,Dynamo Kyiv,0,0,0,,0.0,0.0,,,,0,0,0,0.0,0.0,,0.0,0.0,2020-06-16 20:31:28,83
30,Angeliño,RB Leipzig,3,9,5,55.6,1.51,0.84,0.33,0.6,14.6,0,0,0,1.3,1.3,0.14,1.7,1.7,2020-11-12 22:15:37,15
31,Faustino Anjorin,Chelsea ,0,2,0,0.0,2.28,0.0,0.0,,14.2,0,0,0,0.1,0.1,0.06,-0.1,-0.1,2020-03-10 13:21:38,57
32,Marcos Antônio,Shakhtar ,0,1,1,100.0,0.37,0.37,0.0,0.0,27.1,0,0,0,0.0,0.0,0.04,0.0,0.0,2020-11-10 14:04:04,79
33,Antony,Ajax ,1,9,7,77.8,2.26,1.76,0.11,0.14,19.7,0,0,0,0.7,0.7,0.07,0.3,0.3,2020-08-18 18:54:32,21
34,Youssef El-Arabi,Olympiacos ,0,7,3,42.9,1.49,0.64,0.0,0.0,13.3,0,0,0,0.8,0.8,0.12,-0.8,-0.8,2020-04-02 04:57:55,1
35,Ronald Araújo,Barcelona ,0,0,0,,0.0,0.0,,,,0,0,0,0.0,0.0,,0.0,0.0,2020-07-17 09:24:39,66
36,Ari,Krasnodar ,0,2,1,50.0,7.2,3.6,0.0,0.0,13.7,0,0,0,0.2,0.2,0.08,-0.2,-0.2,2020-04-02 13:02:14,73
37,Bright Arrey-Mbi,Bayern Munich,0,0,0,,0.0,0.0,,,,0,0,0,0.0,0.0,,0.0,0.0,2020-01-03 21:25:17,95
38,Sergio Arribas,Real Madrid,0,0,0,,0.0,0.0,,,,0,0,0,0.0,0.0,,0.0,0.0,2020-04-07 10:23:18,75
39,Kepa Arrizabalaga,Chelsea ,0,0,0,,0.0,0.0,,,,0,0,0,0.0,0.0,,0.0,0.0,2020-03-02 04:43:37,23
40,Marco Asensio,Real Madrid,0,12,6,50.0,3.15,1.57,0.0,0.0,16.2,0,0,0,1.0,1.0,0.08,-1.0,-1.0,2020-01-13 17:23:17,69
41,Majeed Ashimeru,RB Salzburg,0,0,0,,0.0,0.0,,,,0,0,0,0.0,0.0,,0.0,0.0,2020-05-31 04:34:03,81
42,Sardar Azmoun,Zenit ,0,8,1,12.5,2.5,0.31,0.0,0.0,11.4,0,0,0,0.8,0.8,0.11,-0.8,-0.8,2020-10-16 09:48:55,6
43,César Azpilicueta,Chelsea ,0,2,0,0.0,0.5,0.0,0.0,,8.2,0,0,0,0.1,0.1,0.03,-0.1,-0.1,2020-12-02 15:44:58,86
44,Demba Ba,Ba?ak?ehir ,1,9,3,33.3,2.46,0.82,0.11,0.33,19.4,0,0,0,1.0,1.0,0.11,0.0,0.0,2020-01-02 16:30:11,75
45,Ousseynou Ba,Olympiacos ,0,0,0,,0.0,0.0,,,,0,0,0,0.0,0.0,,0.0,0.0,2020-02-01 05:07:13,78
46,Youssouph Badji,Club Brugge,0,0,0,,0.0,0.0,,,,0,0,0,0.0,0.0,,0.0,0.0,2020-10-09 18:58:10,63
47,Mitchel Bakker,Paris S-G,0,2,1,50.0,0.77,0.39,0.0,0.0,11.2,0,0,0,0.3,0.3,0.13,-0.3,-0.3,2020-02-08 03:32:07,52
48,Leonardo Balerdi,Marseille ,0,1,0,0.0,0.36,0.0,0.0,,14.3,0,0,0,0.0,0.0,0.03,0.0,0.0,2020-03-31 15:24:02,45
49,Tudor B?lu??,Dynamo Kyiv,0,0,0,,0.0,0.0,,,,0,0,0,0.0,0.0,,0.0,0.0,2020-06-13 15:48:43,13
50,Nicolò Barella,Inter ,0,4,0,0.0,0.68,0.0,0.0,,16.8,0,0,0,0.3,0.3,0.08,-0.3,-0.3,2020-06-09 17:35:41,40
51,Romário Baró,Porto ,0,0,0,,0.0,0.0,,,,0,0,0,0.0,0.0,,0.0,0.0,2020-02-08 07:31:24,65
52,Wílmar Barrios,Zenit ,0,1,0,0.0,0.18,0.0,0.0,,31.1,0,0,0,0.0,0.0,0.01,0.0,0.0,2020-01-17 03:15:19,23
53,Alessandro Bastoni,Inter ,0,2,0,0.0,0.44,0.0,0.0,,16.9,0,0,0,0.1,0.1,0.04,-0.1,-0.1,2020-08-01 11:31:17,89
54,Roko Baturina,Ferencváros ,0,1,1,100.0,2.37,2.37,0.0,0.0,8.0,0,0,0,0.2,0.2,0.18,-0.2,-0.2,2020-05-02 21:18:54,98
55,Donny van de Beek,Manchester Utd,0,1,0,0.0,0.32,0.0,0.0,,13.6,0,0,0,0.1,0.1,0.05,-0.1,-0.1,2020-12-09 10:32:03,14
56,Jude Bellingham,Dortmund ,0,6,1,16.7,1.6,0.27,0.0,0.0,19.5,0,0,0,0.5,0.5,0.08,-0.5,-0.5,2020-10-10 06:31:17,64
57,Darío Benedetto,Marseille ,0,5,1,20.0,1.74,0.35,0.0,0.0,16.0,0,0,0,0.7,0.7,0.14,-0.7,-0.7,2020-01-13 19:32:12,88
58,László Bénes,M'Gladbach ,0,0,0,,0.0,0.0,,,,0,0,0,0.0,0.0,,0.0,0.0,2020-08-10 05:08:36,5
59,Ramy Bensebaini,M'Gladbach ,2,3,1,33.3,1.0,0.33,0.33,1.0,14.5,1,1,1,1.1,0.3,0.11,0.9,0.7,2020-12-19 10:34:53,59
60,Rodrigo Bentancur,Juventus ,0,4,1,25.0,0.94,0.24,0.0,0.0,22.0,0,0,0,0.1,0.1,0.03,-0.1,-0.1,2020-04-22 04:12:28,72
61,Karim Benzema,Real Madrid,4,19,10,52.6,4.37,2.3,0.21,0.4,10.9,0,0,0,3.2,3.2,0.17,0.8,0.8,2020-05-03 19:44:05,87
62,Marcus Berg,Krasnodar ,2,9,4,44.4,1.59,0.71,0.11,0.25,13.4,0,1,1,2.6,1.8,0.2,-0.6,-0.8,2020-05-04 09:01:59,91
63,Mergim Berisha,RB Salzburg,4,17,9,52.9,3.24,1.72,0.24,0.44,15.1,1,0,0,3.1,3.1,0.18,0.9,0.9,2020-09-04 12:44:47,70
64,Federico Bernardeschi,Juventus ,0,7,1,14.3,4.81,0.69,0.0,0.0,15.3,0,0,0,1.0,1.0,0.14,-1.0,-1.0,2020-07-13 14:31:25,21
65,Miha Blai?,Ferencváros ,0,3,0,0.0,0.5,0.0,0.0,,27.7,0,0,0,0.1,0.1,0.02,-0.1,-0.1,2020-11-27 00:25:58,76
66,Daley Blind,Ajax ,0,1,0,0.0,0.22,0.0,0.0,,24.6,0,0,0,0.0,0.0,0.02,0.0,0.0,2020-07-10 01:27:35,60
67,Jérôme Boateng,Bayern Munich,1,1,1,100.0,0.36,0.36,1.0,1.0,8.0,0,0,0,0.1,0.1,0.09,0.9,0.9,2020-10-05 10:07:29,38
68,Franck Boli,Ferencváros ,2,6,5,83.3,6.67,5.56,0.33,0.4,12.1,0,0,0,1.8,1.8,0.32,0.2,0.2,2020-11-10 14:46:20,90
69,Boli Bolingoli-Mbombo,Ba?ak?ehir ,0,1,0,0.0,0.24,0.0,0.0,,20.8,0,0,0,0.0,0.0,0.03,0.0,0.0,2020-11-06 14:25:47,1
70,Valerii Bondar,Shakhtar ,0,0,0,,0.0,0.0,,,,0,0,0,0.0,0.0,,0.0,0.0,2020-01-25 02:16:29,64
71,Leonardo Bonucci,Juventus ,0,0,0,,0.0,0.0,,,,0,0,0,0.0,0.0,,0.0,0.0,2020-08-04 00:14:05,77
72,Endre Botka,Ferencváros ,0,0,0,,0.0,0.0,,,,0,0,0,0.0,0.0,,0.0,0.0,2020-04-27 17:56:53,76
73,Andreas Bouchalakis,Olympiacos ,0,5,0,0.0,1.08,0.0,0.0,,23.9,0,0,0,0.1,0.1,0.02,-0.1,-0.1,2020-03-14 09:22:57,55
74,Yassine Bounou,Sevilla ,0,0,0,,0.0,0.0,,,,0,0,0,0.0,0.0,,0.0,0.0,2020-09-14 15:22:12,13
75,Benjamin Bourigeaud,Rennes ,0,7,2,28.6,1.71,0.49,0.0,0.0,17.7,2,0,0,0.7,0.7,0.1,-0.7,-0.7,2020-07-23 03:30:19,90
76,Denys Boyko,Dynamo Kyiv,0,0,0,,0.0,0.0,,,,0,0,0,0.0,0.0,,0.0,0.0,2020-12-16 19:31:19,88
77,Martin Braithwaite,Barcelona ,3,6,3,50.0,2.51,1.26,0.33,0.67,11.7,0,1,1,2.4,1.6,0.27,0.6,0.4,2020-04-18 22:45:28,86
78,Julian Brandt,Dortmund ,0,2,0,0.0,0.92,0.0,0.0,,20.8,0,0,0,0.1,0.1,0.03,-0.1,-0.1,2020-02-18 19:43:14,8
79,Brian Brobbey,Ajax ,0,1,1,100.0,2.0,2.0,0.0,0.0,7.3,0,0,0,0.1,0.1,0.09,-0.1,-0.1,2020-04-30 10:04:53,17
80,Marcelo Brozovi?,Inter ,0,4,1,25.0,0.97,0.24,0.0,0.0,19.7,0,0,0,0.2,0.2,0.05,-0.2,-0.2,2020-06-29 01:44:33,8
81,Bruma,Olympiacos ,0,1,0,0.0,1.36,0.0,0.0,,16.0,0,0,0,0.1,0.1,0.06,-0.1,-0.1,2020-01-28 01:25:06,71
82,Gianluigi Buffon,Juventus ,0,0,0,,0.0,0.0,,,,0,0,0,0.0,0.0,,0.0,0.0,2020-02-25 13:00:44,64
83,Roman Bürki,Dortmund ,0,0,0,,0.0,0.0,,,,0,0,0,0.0,0.0,,0.0,0.0,2020-01-05 15:42:52,99
84,Heorhiy Bushchan,Dynamo Kyiv,0,0,0,,0.0,0.0,,,,0,0,0,0.0,0.0,,0.0,0.0,2020-07-30 07:53:11,11
85,Sergio Busquets,Barcelona ,0,0,0,,0.0,0.0,,,,0,0,0,0.0,0.0,,0.0,0.0,2020-11-06 12:14:31,52
86,Vitaliy Buyalskyi,Dynamo Kyiv,0,5,1,20.0,1.31,0.26,0.0,0.0,13.5,0,0,0,0.4,0.4,0.09,-0.4,-0.4,2020-06-30 00:28:30,54
87,Rémy Cabella,Krasnodar ,1,5,2,40.0,1.78,0.71,0.2,0.5,14.1,0,0,0,1.2,1.2,0.24,-0.2,-0.2,2020-02-18 00:06:44,28
88,Júnior Caiçara,Ba?ak?ehir ,0,0,0,,0.0,0.0,,,,0,0,0,0.0,0.0,,0.0,0.0,2020-04-28 18:12:21,13
89,Felipe Caicedo,Lazio ,1,4,1,25.0,2.65,0.66,0.25,1.0,11.5,0,0,0,0.3,0.3,0.08,0.7,0.7,2020-02-11 01:03:37,7
90,Jens Cajuste,Midtjylland ,0,0,0,,0.0,0.0,,,,0,0,0,0.0,0.0,,0.0,0.0,2020-12-01 04:40:29,92
91,Duje ?aleta-Car,Marseille ,0,2,0,0.0,0.5,0.0,0.0,,6.5,0,0,0,0.4,0.4,0.19,-0.4,-0.4,2020-06-22 22:30:41,38
92,Mohamed Camara,Olympiacos ,1,4,1,25.0,1.26,0.31,0.25,1.0,19.1,0,0,0,0.2,0.2,0.05,0.8,0.8,2020-09-20 12:37:31,42
93,Mohamed Camara,RB Salzburg,0,4,1,25.0,0.88,0.22,0.0,0.0,22.9,0,0,0,0.1,0.1,0.03,-0.1,-0.1,2020-01-09 23:00:50,39
94,Eduardo Camavinga,Rennes ,0,5,2,40.0,1.37,0.55,0.0,0.0,27.1,0,0,0,0.1,0.1,0.03,-0.1,-0.1,2020-04-06 01:24:09,12
95,Sergio Camello,Atlético Madrid,0,0,0,,0.0,0.0,,,,0,0,0,0.0,0.0,,0.0,0.0,2020-02-25 02:24:46,90
96,Emre Can,Dortmund ,0,2,0,0.0,1.65,0.0,0.0,,16.0,0,0,0,0.1,0.1,0.05,-0.1,-0.1,2020-01-29 23:16:21,91
97,João Cancelo,Manchester City,1,5,3,60.0,1.49,0.89,0.2,0.33,20.9,0,0,0,0.3,0.3,0.06,0.7,0.7,2020-04-06 03:59:29,19
98,Diego Carlos,Sevilla ,0,10,1,10.0,1.67,0.17,0.0,0.0,11.8,0,0,0,1.0,1.0,0.1,-1.0,-1.0,2020-08-18 11:01:14,60
99,Yannick Carrasco,Atlético Madrid,1,11,4,36.4,3.02,1.1,0.09,0.25,19.2,1,0,0,0.8,0.8,0.07,0.2,0.2,2020-02-18 05:23:45,51
100,Dani Carvajal,Real Madrid,0,0,0,,0.0,0.0,,,,0,0,0,0.0,0.0,,0.0,0.0,2020-03-02 13:21:42,29
101,Casemiro,Real Madrid,1,6,1,16.7,1.37,0.23,0.17,1.0,26.8,0,0,0,0.7,0.7,0.11,0.3,0.3,2020-11-19 12:12:02,29
102,Danilo Cataldi,Lazio ,0,2,0,0.0,2.9,0.0,0.0,,31.5,1,0,0,0.1,0.1,0.06,-0.1,-0.1,2020-09-10 06:55:30,91
103,Edinson Cavani,Manchester Utd,0,4,1,25.0,1.73,0.43,0.0,0.0,21.0,0,0,0,0.5,0.5,0.12,-0.5,-0.5,2020-10-17 21:26:33,73
104,Murilo Cerqueira,Loko Moscow,0,3,0,0.0,0.6,0.0,0.0,,7.4,0,0,0,0.3,0.3,0.1,-0.3,-0.3,2020-02-06 18:27:12,88
105,Nacer Chadli,Ba?ak?ehir ,0,0,0,,0.0,0.0,,,,0,0,0,0.0,0.0,,0.0,0.0,2020-01-06 21:27:17,2
106,Yevgeni Chernov,Krasnodar ,0,3,0,0.0,0.94,0.0,0.0,,14.8,0,0,0,0.2,0.2,0.07,-0.2,-0.2,2020-01-14 16:41:29,86
107,Giorgio Chiellini,Juventus ,0,1,0,0.0,0.83,0.0,0.0,,4.0,0,0,0,0.1,0.1,0.12,-0.1,-0.1,2020-12-22 01:53:28,53
108,Federico Chiesa,Juventus ,1,6,2,33.3,1.5,0.5,0.17,0.5,16.0,0,0,0,0.6,0.6,0.1,0.4,0.4,2020-05-16 16:40:49,90
109,Ben Chilwell,Chelsea ,0,3,2,66.7,0.84,0.56,0.0,0.0,9.3,0,0,0,0.2,0.2,0.07,-0.2,-0.2,2020-01-25 15:50:37,42
110,Andreas Christensen,Chelsea ,0,0,0,,0.0,0.0,,,,0,0,0,0.0,0.0,,0.0,0.0,2020-09-22 13:32:07,47
111,Eldar ?ivi?,Ferencváros ,0,0,0,,0.0,0.0,,,,0,0,0,0.0,0.0,,0.0,0.0,2020-02-14 20:47:14,52
112,Viktor Claesson,Krasnodar ,0,3,1,33.3,0.93,0.31,0.0,0.0,15.6,0,0,0,0.5,0.5,0.18,-0.5,-0.5,2020-10-19 07:00:54,12
113,Leighton Clarkson,Liverpool ,0,0,0,,0.0,0.0,,,,0,0,0,0.0,0.0,,0.0,0.0,2020-06-11 12:13:48,23
114,Kingsley Coman,Bayern Munich,3,8,3,37.5,2.47,0.93,0.38,1.0,13.4,0,0,0,1.6,1.6,0.2,1.4,1.4,2020-06-26 13:48:20,98
115,Dion Cools,Midtjylland ,0,1,1,100.0,0.43,0.43,0.0,0.0,4.5,0,0,0,0.1,0.1,0.11,-0.1,-0.1,2020-06-25 05:10:09,41
116,Vedran ?orluka,Loko Moscow,0,1,1,100.0,0.22,0.22,0.0,0.0,9.0,0,0,0,0.1,0.1,0.08,-0.1,-0.1,2020-08-30 08:23:32,35
117,Jesús Corona,Porto ,0,1,0,0.0,0.23,0.0,0.0,,20.0,0,0,0,0.2,0.2,0.2,-0.2,-0.2,2020-01-24 16:07:06,76
118,Ángel Correa,Atlético Madrid,0,4,1,25.0,0.98,0.24,0.0,0.0,16.8,0,0,0,0.6,0.6,0.15,-0.6,-0.6,2020-11-19 16:04:49,13
119,Joaquín Correa,Lazio ,2,13,8,61.5,2.42,1.49,0.15,0.25,14.1,0,0,0,2.6,2.6,0.2,-0.6,-0.6,2020-07-04 00:05:55,93
120,Diogo Costa,Porto ,0,0,0,,0.0,0.0,,,,0,0,0,0.0,0.0,,0.0,0.0,2020-04-07 23:28:34,45
121,Douglas Costa,Bayern Munich,0,3,1,33.3,1.18,0.39,0.0,0.0,17.9,0,0,0,0.1,0.1,0.03,-0.1,-0.1,2020-12-16 12:03:03,99
122,Thibaut Courtois,Real Madrid,0,0,0,,0.0,0.0,,,,0,0,0,0.0,0.0,,0.0,0.0,2020-02-28 04:50:51,46
123,Philippe Coutinho,Barcelona ,1,6,1,16.7,4.03,0.67,0.17,1.0,20.5,0,0,0,0.3,0.3,0.05,0.7,0.7,2020-09-26 20:49:33,35
124,Enzo Crivelli,Ba?ak?ehir ,0,1,0,0.0,0.37,0.0,0.0,,7.0,0,0,0,0.2,0.2,0.2,-0.2,-0.2,2020-02-20 05:44:31,12
125,Juan Cuadrado,Juventus ,0,2,0,0.0,0.42,0.0,0.0,,15.0,0,0,0,0.1,0.1,0.06,-0.1,-0.1,2020-09-05 22:27:04,31
126,Mickaël Cuisance,Marseille ,0,1,0,0.0,0.38,0.0,0.0,,30.1,0,0,0,0.0,0.0,0.02,0.0,0.0,2020-05-01 01:09:24,9
127,Szymon Czy?,Lazio ,0,0,0,,0.0,0.0,,,,0,0,0,0.0,0.0,,0.0,0.0,2020-04-24 23:34:22,56
128,Danilo D'Ambrosio,Inter ,0,1,0,0.0,0.29,0.0,0.0,,11.2,0,0,0,0.0,0.0,0.04,0.0,0.0,2020-01-01 21:48:42,4
129,Damien Da Silva,Rennes ,0,2,1,50.0,0.35,0.17,0.0,0.0,8.0,0,0,0,0.1,0.1,0.03,-0.1,-0.1,2020-05-19 10:58:22,22
130,Colin Dagba,Paris S-G,0,0,0,,0.0,0.0,,,,0,0,0,0.0,0.0,,0.0,0.0,2020-06-01 22:56:04,58
131,Mahmoud Dahoud,Dortmund ,0,4,0,0.0,2.31,0.0,0.0,,25.5,0,0,0,0.2,0.2,0.04,-0.2,-0.2,2020-02-28 10:04:38,97
132,Patson Daka,RB Salzburg,0,9,3,33.3,3.95,1.32,0.0,0.0,14.2,0,0,0,1.4,1.4,0.16,-1.4,-1.4,2020-10-22 01:40:47,48
133,Danilo,Juventus ,0,5,1,20.0,0.94,0.19,0.0,0.0,22.9,0,0,0,0.2,0.2,0.04,-0.2,-0.2,2020-07-08 21:45:52,59
134,Matteo Darmian,Inter ,1,5,2,40.0,2.71,1.08,0.2,0.5,9.1,0,0,0,0.5,0.5,0.11,0.5,0.5,2020-07-04 06:33:42,50
135,Alphonso Davies,Bayern Munich,0,1,0,0.0,1.18,0.0,0.0,,17.5,0,0,0,0.1,0.1,0.07,-0.1,-0.1,2020-09-04 18:39:47,34
136,Kevin De Bruyne,Manchester City,0,5,2,40.0,2.73,1.09,0.0,0.0,16.3,0,0,0,0.6,0.6,0.13,-0.6,-0.6,2020-07-29 00:24:41,6
137,Charles De Ketelaere,Club Brugge,2,10,3,30.0,1.97,0.59,0.2,0.67,11.5,0,0,0,2.3,2.3,0.25,-0.3,-0.3,2020-10-14 13:08:51,14
138,Konrad De La Fuente,Barcelona ,0,0,0,,0.0,0.0,,,,0,0,0,0.0,0.0,,0.0,0.0,2020-02-09 13:13:46,1
139,Romain Del Castillo,Rennes ,0,1,0,0.0,0.68,0.0,0.0,,19.1,0,0,0,0.1,0.1,0.06,-0.1,-0.1,2020-04-14 00:42:37,67
140,Thomas Delaney,Dortmund ,0,3,1,33.3,0.82,0.27,0.0,0.0,14.9,0,0,0,0.3,0.3,0.08,-0.3,-0.3,2020-02-18 17:12:55,12
141,Simon Deli,Club Brugge,0,0,0,,0.0,0.0,,,,0,0,0,0.0,0.0,,0.0,0.0,2020-02-15 10:42:03,56
142,Ousmane Dembélé,Barcelona ,3,11,6,54.5,4.63,2.52,0.18,0.33,19.3,0,1,1,2.0,1.2,0.11,1.0,0.8,2020-02-06 16:10:43,18
143,Merih Demiral,Juventus ,0,0,0,,0.0,0.0,,,,0,0,0,0.0,0.0,,0.0,0.0,2020-07-24 02:08:48,92
144,Emmanuel Dennis,Club Brugge,1,5,3,60.0,1.32,0.79,0.2,0.33,12.8,0,0,0,0.9,0.9,0.18,0.1,0.1,2020-01-19 07:08:58,100
145,Dentinho,Shakhtar ,1,1,1,100.0,0.55,0.55,1.0,1.0,9.1,0,0,0,0.5,0.5,0.55,0.5,0.5,2020-06-30 05:13:30,78
146,Fabio Depaoli,Atalanta ,0,0,0,,0.0,0.0,,,,0,0,0,0.0,0.0,,0.0,0.0,2020-10-04 18:46:16,64
147,Sergiño Dest,Barcelona ,1,4,1,25.0,0.8,0.2,0.25,1.0,20.7,0,0,0,0.3,0.3,0.09,0.7,0.7,2020-10-10 14:11:48,45
148,Ángel Di María,Paris S-G,1,12,3,25.0,3.04,0.76,0.08,0.33,21.8,2,0,1,1.7,1.0,0.08,-0.7,0.0,2020-10-19 18:15:03,31
149,Abdou Diallo,Paris S-G,0,0,0,,0.0,0.0,,,,0,0,0,0.0,0.0,,0.0,0.0,2020-07-23 17:37:57,60
150,Rúben Dias,Manchester City,0,3,0,0.0,0.75,0.0,0.0,,6.7,0,0,0,1.0,1.0,0.32,-1.0,-1.0,2020-11-25 06:19:57,56
151,Krepin Diatta,Club Brugge,0,5,1,20.0,1.09,0.22,0.0,0.0,17.7,0,0,0,0.2,0.2,0.04,-0.2,-0.2,2020-03-04 06:23:59,11
152,Dénes Dibusz,Ferencváros ,0,0,0,,0.0,0.0,,,,0,0,0,0.0,0.0,,0.0,0.0,2020-06-04 23:44:35,91
153,Berat Djimsiti,Atalanta ,0,1,1,100.0,0.17,0.17,0.0,0.0,10.1,0,0,0,0.1,0.1,0.05,-0.1,-0.1,2020-01-09 13:43:45,88
154,Dodô,Shakhtar ,0,1,1,100.0,0.17,0.17,0.0,0.0,25.0,0,0,0,0.0,0.0,0.04,0.0,0.0,2020-09-05 07:22:14,7
155,Jeremy Doku,Rennes ,0,8,5,62.5,1.8,1.12,0.0,0.0,16.6,0,0,0,0.5,0.5,0.06,-0.5,-0.5,2020-08-17 20:23:46,38
156,Thomas Doyle,Manchester City,0,0,0,,0.0,0.0,,,,0,0,0,0.0,0.0,,0.0,0.0,2020-08-28 10:44:11,70
157,Mohamed Dräger,Olympiacos ,0,0,0,,0.0,0.0,,,,0,0,0,0.0,0.0,,0.0,0.0,2020-05-14 09:08:24,95
158,Radu Dr?gu?in,Juventus ,0,0,0,,0.0,0.0,,,,0,0,0,0.0,0.0,,0.0,0.0,2020-03-04 10:20:26,37
159,Anders Dreyer,Midtjylland ,1,13,5,38.5,2.38,0.92,0.08,0.2,18.2,1,0,0,1.3,1.3,0.1,-0.3,-0.3,2020-12-21 22:59:48,47
160,Sebastián Driussi,Zenit ,1,10,3,30.0,3.21,0.96,0.1,0.33,20.6,0,0,0,0.9,0.9,0.09,0.1,0.1,2020-09-25 21:30:31,3
161,Lasha Dvali,Ferencváros ,0,0,0,,0.0,0.0,,,,0,0,0,0.0,0.0,,0.0,0.0,2020-06-06 07:40:15,41
162,Paulo Dybala,Juventus ,1,9,4,44.4,3.75,1.67,0.11,0.25,19.3,1,0,0,1.5,1.5,0.17,-0.5,-0.5,2020-08-08 22:35:03,87
163,Artem Dzyuba,Zenit ,1,4,2,50.0,1.04,0.52,0.25,0.5,10.8,0,0,0,0.5,0.5,0.13,0.5,0.5,2020-07-28 08:55:02,60
164,Éder,Loko Moscow,1,2,1,50.0,0.73,0.36,0.5,1.0,21.0,0,0,0,0.1,0.1,0.03,0.9,0.9,2020-04-09 23:12:11,78
165,Ederson,Manchester City,0,0,0,,0.0,0.0,,,,0,0,0,0.0,0.0,,0.0,0.0,2020-01-13 17:54:40,63
166,Jurgen Ekkelenkamp,Ajax ,0,2,0,0.0,1.98,0.0,0.0,,15.7,0,0,0,0.2,0.2,0.08,-0.2,-0.2,2020-04-19 01:34:06,51
167,Nico Elvedi,M'Gladbach ,1,2,1,50.0,0.41,0.2,0.5,1.0,6.0,0,0,0,0.2,0.2,0.12,0.8,0.8,2020-11-29 05:39:08,5
168,Breel Embolo,M'Gladbach ,1,6,2,33.3,2.45,0.82,0.17,0.5,12.2,0,0,0,1.2,1.2,0.2,-0.2,-0.2,2020-04-05 22:56:13,49
169,Youssef En-Nesyri,Sevilla ,4,13,8,61.5,4.9,3.01,0.31,0.5,15.2,0,0,0,1.6,1.6,0.12,2.4,2.4,2020-04-11 16:00:58,14
170,Alexandru Epureanu,Ba?ak?ehir ,0,1,0,0.0,0.22,0.0,0.0,,10.0,0,0,0,0.1,0.1,0.07,-0.1,-0.1,2020-01-09 10:37:45,42
171,Christian Eriksen,Inter ,0,6,2,33.3,5.35,1.78,0.0,0.0,23.9,1,0,0,0.3,0.3,0.04,-0.3,-0.3,2020-02-09 01:20:56,22
172,Aleksandr Erokhin,Zenit ,1,3,1,33.3,1.0,0.33,0.33,1.0,12.7,0,0,0,0.6,0.6,0.21,0.4,0.4,2020-01-09 00:22:28,71
173,Gonzalo Escalante,Lazio ,0,0,0,,0.0,0.0,,,,0,0,0,0.0,0.0,,0.0,0.0,2020-12-28 02:03:18,39
174,Sergio Escudero,Sevilla ,0,1,0,0.0,0.97,0.0,0.0,,15.3,0,0,0,0.0,0.0,0.03,0.0,0.0,2020-12-25 13:33:52,45
175,Evander,Midtjylland ,0,7,2,28.6,4.23,1.21,0.0,0.0,21.0,1,0,0,0.6,0.6,0.08,-0.6,-0.6,2020-08-01 16:54:35,39
176,Evanilson,Porto ,0,0,0,,0.0,0.0,,,,0,0,0,0.0,0.0,,0.0,0.0,2020-07-23 15:56:12,26
177,Fabinho,Liverpool ,0,1,1,100.0,0.32,0.32,0.0,0.0,7.0,0,0,0,0.1,0.1,0.14,-0.1,-0.1,2020-10-05 07:10:00,94
178,Mohamed Fares,Lazio ,0,4,0,0.0,1.22,0.0,0.0,,23.1,0,0,0,0.1,0.1,0.02,-0.1,-0.1,2020-12-12 01:16:29,21
179,Ansu Fati,Barcelona ,1,9,6,66.7,5.06,3.38,0.11,0.17,13.0,0,0,0,0.9,0.9,0.1,0.1,0.1,2020-12-18 03:49:32,89
180,Felipe,Atlético Madrid,0,0,0,,0.0,0.0,,,,0,0,0,0.0,0.0,,0.0,0.0,2020-10-23 01:04:41,47
181,Luiz Felipe,Lazio ,0,1,0,0.0,0.51,0.0,0.0,,3.6,0,0,0,0.1,0.1,0.13,-0.1,-0.1,2020-03-31 12:05:10,44
182,João Félix,Atlético Madrid,3,22,10,45.5,3.71,1.69,0.14,0.3,15.6,1,0,0,3.2,3.2,0.14,-0.2,-0.2,2020-05-04 23:05:18,65
183,Bruno Fernandes,Manchester Utd,4,19,9,47.4,3.9,1.85,0.11,0.22,21.2,3,2,2,3.6,2.1,0.11,0.4,-0.1,2020-08-08 02:01:12,47
184,Matheus Fernandes,Barcelona ,0,1,0,0.0,5.0,0.0,0.0,,19.8,0,0,0,0.0,0.0,0.03,0.0,0.0,2020-10-14 12:21:03,13
185,Carlos Fernández,Sevilla ,0,0,0,,0.0,0.0,,,,0,0,0,0.0,0.0,,0.0,0.0,2020-09-15 04:04:28,56
186,Fernandinho,Manchester City,0,1,0,0.0,0.45,0.0,0.0,,13.5,0,0,0,0.0,0.0,0.03,0.0,0.0,2020-11-26 01:58:36,39
187,Fernando,Shakhtar ,0,2,0,0.0,4.74,0.0,0.0,,16.5,0,0,0,0.1,0.1,0.03,-0.1,-0.1,2020-05-14 16:06:44,74
188,Fernando,Sevilla ,0,3,0,0.0,0.85,0.0,0.0,,34.9,1,0,0,0.1,0.1,0.03,-0.1,-0.1,2020-06-23 09:30:18,84
189,Luis Fernando Díaz,Porto ,2,3,2,66.7,1.03,0.69,0.67,1.0,20.2,0,0,0,0.2,0.2,0.07,1.8,1.8,2020-11-21 00:27:04,64
190,Roberto Firmino,Liverpool ,0,5,2,40.0,2.68,1.07,0.0,0.0,11.2,0,0,0,1.2,1.2,0.24,-1.2,-1.2,2020-06-29 01:59:31,76
191,Junior Firpo,Barcelona ,0,0,0,,0.0,0.0,,,,0,0,0,0.0,0.0,,0.0,0.0,2020-03-16 15:48:12,27
192,Alessandro Florenzi,Paris S-G,0,3,1,33.3,0.56,0.19,0.0,0.0,20.1,0,0,0,0.1,0.0,0.01,-0.1,0.0,2020-10-07 22:26:54,10
193,Phil Foden,Manchester City,1,14,6,42.9,2.79,1.2,0.07,0.17,17.2,1,0,0,1.2,1.2,0.09,-0.2,-0.2,2020-07-24 15:06:09,54
194,Emil Forsberg,RB Leipzig,1,12,2,16.7,2.69,0.45,0.0,0.0,14.5,0,1,1,2.4,1.6,0.14,-1.4,-1.6,2020-03-22 05:39:50,27
195,Kostas Fortounis,Olympiacos ,0,3,0,0.0,0.94,0.0,0.0,,26.3,0,0,0,0.1,0.1,0.03,-0.1,-0.1,2020-10-03 23:52:55,76
196,Timothy Fosu-Mensah,Manchester Utd,0,0,0,,0.0,0.0,,,,0,0,0,0.0,0.0,,0.0,0.0,2020-12-07 20:49:17,76
197,Gianluca Frabotta,Juventus ,0,0,0,,0.0,0.0,,,,0,0,0,0.0,0.0,,0.0,0.0,2020-04-04 11:46:51,19
198,Lassina Franck Traoré,Ajax ,1,5,1,20.0,2.27,0.45,0.2,1.0,12.3,0,0,0,1.4,1.4,0.29,-0.4,-0.4,2020-12-18 20:20:55,63
199,Fred,Manchester Utd,0,3,1,33.3,0.8,0.27,0.0,0.0,23.8,0,0,0,0.1,0.1,0.03,-0.1,-0.1,2020-10-14 07:19:13,43
200,Remo Freuler,Atalanta ,0,4,1,25.0,0.71,0.18,0.0,0.0,21.5,0,0,0,0.3,0.3,0.09,-0.3,-0.3,2020-03-12 11:18:40,92
201,Abraham Frimpong,Ferencváros ,0,0,0,,0.0,0.0,,,,0,0,0,0.0,0.0,,0.0,0.0,2020-03-11 11:37:07,52
202,Roberto Gagliardini,Inter ,0,2,0,0.0,0.71,0.0,0.0,,17.1,0,0,0,0.1,0.1,0.04,-0.1,-0.1,2020-04-18 02:02:51,65
203,Idrissa Gana Gueye,Paris S-G,0,0,0,,0.0,0.0,,,,0,0,0,0.0,0.0,,0.0,0.0,2020-07-24 02:12:44,28
204,Eric García,Manchester City,0,2,1,50.0,0.87,0.43,0.0,0.0,7.5,0,0,0,0.6,0.6,0.31,-0.6,-0.6,2020-10-03 21:24:32,85
205,Yuri Gazinskiy,Krasnodar ,0,2,0,0.0,0.48,0.0,0.0,,14.9,0,0,0,0.1,0.1,0.06,-0.1,-0.1,2020-05-15 04:56:54,86
206,Yann Gboho,Rennes ,0,0,0,,0.0,0.0,,,,0,0,0,0.0,0.0,,0.0,0.0,2020-02-10 08:15:13,32
207,David de Gea,Manchester Utd,0,0,0,,0.0,0.0,,,,0,0,0,0.0,0.0,,0.0,0.0,2020-08-12 22:08:35,89
208,Valère Germain,Marseille ,0,5,1,20.0,2.25,0.45,0.0,0.0,14.6,0,0,0,0.4,0.4,0.08,-0.4,-0.4,2020-09-13 01:27:31,35
209,Billy Gilmour,Chelsea ,0,2,1,50.0,1.87,0.94,0.0,0.0,27.0,0,0,0,0.1,0.1,0.03,-0.1,-0.1,2020-06-06 09:48:16,68
210,Matthias Ginter,M'Gladbach ,0,0,0,,0.0,0.0,,,,0,0,0,0.0,0.0,,0.0,0.0,2020-09-07 14:25:01,93
211,Olivier Giroud,Chelsea ,5,7,5,71.4,4.37,3.12,0.57,0.8,10.7,0,1,1,1.9,1.2,0.17,3.1,2.8,2020-04-01 12:18:28,91
212,Serge Gnabry,Bayern Munich,0,11,4,36.4,3.67,1.33,0.0,0.0,17.9,0,0,0,1.1,1.1,0.1,-1.1,-1.1,2020-10-12 13:13:35,98
213,Pierluigi Gollini,Atalanta ,0,0,0,,0.0,0.0,,,,0,0,0,0.0,0.0,,0.0,0.0,2020-12-25 12:29:45,1
214,Eulânio Ângelo Chipela Gomes,Porto ,0,0,0,,0.0,0.0,,,,0,0,0,0.0,0.0,,0.0,0.0,2020-02-06 15:28:15,11
215,Joe Gomez,Liverpool ,0,0,0,,0.0,0.0,,,,0,0,0,0.0,0.0,,0.0,0.0,2020-02-10 18:05:42,29
216,Papu Gómez,Atalanta ,1,6,3,50.0,1.2,0.6,0.17,0.33,25.4,0,0,0,0.3,0.3,0.05,0.7,0.7,2020-06-07 06:40:15,83
217,Sergi Gómez,Sevilla ,0,2,0,0.0,0.91,0.0,0.0,,28.2,0,0,0,0.0,0.0,0.01,0.0,0.0,2020-02-22 08:51:18,75
218,Alfred Gomis,Rennes ,0,0,0,,0.0,0.0,,,,0,0,0,0.0,0.0,,0.0,0.0,2020-08-21 14:36:07,46
219,Álvaro González,Marseille ,0,3,0,0.0,0.5,0.0,0.0,,11.9,0,0,0,0.2,0.2,0.06,-0.2,-0.2,2020-07-14 06:40:54,16
220,Leon Goretzka,Bayern Munich,2,7,2,28.6,2.27,0.65,0.29,1.0,19.8,0,0,0,0.4,0.4,0.05,1.6,1.6,2020-06-27 04:03:23,77
221,Yevgeni Gorodov,Krasnodar ,0,0,0,,0.0,0.0,,,,0,0,0,0.0,0.0,,0.0,0.0,2020-03-09 23:42:38,53
222,Robin Gosens,Atalanta ,1,7,2,28.6,1.51,0.43,0.14,0.5,15.3,0,0,0,0.7,0.7,0.1,0.3,0.3,2020-01-20 13:07:15,67
223,Ryan Gravenberch,Ajax ,1,6,1,16.7,1.02,0.17,0.17,1.0,21.5,0,0,0,0.4,0.4,0.07,0.6,0.6,2020-06-15 00:22:59,83
224,Mason Greenwood,Manchester Utd,1,10,5,50.0,4.27,2.13,0.1,0.2,13.9,0,0,0,0.7,0.7,0.07,0.3,0.3,2020-06-25 01:00:51,27
225,Clément Grenier,Rennes ,0,2,2,100.0,0.81,0.81,0.0,0.0,22.5,1,0,0,0.3,0.3,0.14,-0.3,-0.3,2020-05-11 13:20:13,26
226,Antoine Griezmann,Barcelona ,2,11,4,36.4,3.04,1.1,0.18,0.5,11.9,0,0,0,1.7,1.7,0.16,0.3,0.3,2020-05-26 02:36:03,94
227,Marko Gruji?,Porto ,0,3,0,0.0,1.5,0.0,0.0,,15.0,0,0,0,0.2,0.2,0.06,-0.2,-0.2,2020-06-22 01:28:17,23
228,Nemanja Gudelj,Sevilla ,0,3,2,66.7,0.6,0.4,0.0,0.0,20.4,0,0,0,0.1,0.1,0.02,-0.1,-0.1,2020-03-26 13:18:52,27
229,Raphaël Guerreiro,Dortmund ,1,5,2,40.0,1.1,0.44,0.2,0.5,16.7,1,0,0,1.2,1.2,0.25,-0.2,-0.2,2020-09-14 08:58:08,100
230,Pape Gueye,Marseille ,0,2,1,50.0,1.06,0.53,0.0,0.0,15.2,0,0,0,0.1,0.1,0.03,-0.1,-0.1,2020-02-10 08:28:56,99
231,Sehrou Guirassy,Rennes ,2,6,3,50.0,1.59,0.79,0.17,0.33,9.9,0,1,1,1.7,1.0,0.16,0.3,0.0,2020-08-04 05:19:37,9
232,Péter Gulácsi,RB Leipzig,0,0,0,,0.0,0.0,,,,0,0,0,0.0,0.0,,0.0,0.0,2020-08-04 19:07:50,6
233,Fredrik Gulbrandsen,Ba?ak?ehir ,0,3,1,33.3,1.33,0.44,0.0,0.0,17.6,0,0,0,0.3,0.3,0.11,-0.3,-0.3,2020-06-29 13:14:00,95
234,?lkay Gündo?an,Manchester City,2,8,3,37.5,1.98,0.74,0.25,0.67,17.0,1,0,0,0.9,0.9,0.11,1.1,1.1,2020-09-07 01:50:28,87
235,Mert Günok,Ba?ak?ehir ,0,0,0,,0.0,0.0,,,,0,0,0,0.0,0.0,,0.0,0.0,2020-10-05 20:17:56,74
236,Munir El Haddadi,Sevilla ,1,14,2,14.3,4.88,0.7,0.07,0.5,16.4,0,0,0,1.0,1.0,0.08,0.0,0.0,2020-03-26 00:55:18,74
237,Amadou Haidara,RB Leipzig,1,7,4,57.1,1.83,1.05,0.14,0.25,14.9,0,0,0,1.0,1.0,0.15,0.0,0.0,2020-11-09 12:32:41,83
238,Achraf Hakimi,Inter ,0,1,0,0.0,0.25,0.0,0.0,,12.8,0,0,0,0.0,0.0,0.04,0.0,0.0,2020-12-09 10:46:46,26
239,Erling Håland,Dortmund ,6,20,11,55.0,5.25,2.89,0.3,0.55,13.7,0,0,0,4.1,4.1,0.22,1.9,1.9,2020-07-03 15:26:17,52
240,Marcel Halstenberg,RB Leipzig,0,1,1,100.0,0.49,0.49,0.0,0.0,9.0,0,0,0,0.1,0.1,0.12,-0.1,-0.1,2020-03-25 04:55:06,94
241,Samir Handanovi?,Inter ,0,0,0,,0.0,0.0,,,,0,0,0,0.0,0.0,,0.0,0.0,2020-01-31 10:42:37,37
242,Jesper Hansen,Midtjylland ,0,0,0,,0.0,0.0,,,,0,0,0,0.0,0.0,,0.0,0.0,2020-08-26 03:03:55,93
243,Denys Harmash,Dynamo Kyiv,0,0,0,,0.0,0.0,,,,0,0,0,0.0,0.0,,0.0,0.0,2020-11-16 12:55:01,93
244,Hans Hateboer,Atalanta ,0,2,1,50.0,0.34,0.17,0.0,0.0,13.0,0,0,0,0.4,0.4,0.22,-0.4,-0.4,2020-08-20 03:34:14,49
245,Kai Havertz,Chelsea ,0,5,1,20.0,1.35,0.27,0.0,0.0,17.6,1,0,0,0.5,0.5,0.1,-0.5,-0.5,2020-04-07 17:39:52,93
246,Eden Hazard,Real Madrid,1,3,1,33.3,1.68,0.56,0.0,0.0,21.0,0,1,1,1.0,0.2,0.08,0.0,-0.2,2020-10-22 18:14:01,18
247,Thorgan Hazard,Dortmund ,1,11,7,63.6,2.74,1.75,0.09,0.14,17.2,0,0,0,0.6,0.6,0.06,0.4,0.4,2020-08-26 15:52:12,23
248,Hwang Hee-chan,RB Leipzig,0,0,0,,0.0,0.0,,,,0,0,0,0.0,0.0,,0.0,0.0,2020-04-10 02:20:54,34
249,Marcel Heister,Ferencváros ,0,4,0,0.0,0.94,0.0,0.0,,28.2,0,0,0,0.1,0.1,0.03,-0.1,-0.1,2020-12-25 04:32:57,49
250,Dean Henderson,Manchester Utd,0,0,0,,0.0,0.0,,,,0,0,0,0.0,0.0,,0.0,0.0,2020-12-02 01:35:15,86
251,Jordan Henderson,Liverpool ,0,3,0,0.0,0.98,0.0,0.0,,25.5,1,0,0,0.1,0.1,0.05,-0.1,-0.1,2020-05-11 18:29:02,77
252,Benjamin Henrichs,RB Leipzig,0,2,0,0.0,1.57,0.0,0.0,,14.2,0,0,0,0.1,0.1,0.03,-0.1,-0.1,2020-10-22 11:07:12,80
253,Dalbert Henrique,Rennes ,0,2,1,50.0,0.81,0.4,0.0,0.0,17.9,0,0,0,0.1,0.1,0.05,-0.1,-0.1,2020-10-09 13:52:32,48
254,Luis Henrique,Marseille ,0,0,0,,0.0,0.0,,,,0,0,0,0.0,0.0,,0.0,0.0,2020-09-12 02:56:59,14
255,Mario Hermoso,Atlético Madrid,1,2,1,50.0,0.82,0.41,0.5,1.0,7.0,0,0,0,0.2,0.2,0.11,0.8,0.8,2020-02-19 10:39:13,55
256,Lucas Hernández,Bayern Munich,1,6,1,16.7,1.32,0.22,0.17,1.0,22.6,0,0,0,0.2,0.2,0.04,0.8,0.8,2020-12-23 08:06:50,92
257,Ander Herrera,Paris S-G,0,5,0,0.0,1.24,0.0,0.0,,19.3,0,0,0,0.2,0.2,0.04,-0.2,-0.2,2020-05-08 18:48:56,36
258,Héctor Herrera,Atlético Madrid,0,6,1,16.7,1.81,0.3,0.0,0.0,24.6,1,0,0,0.4,0.4,0.06,-0.4,-0.4,2020-05-31 06:32:50,27
259,Patrick Herrmann,M'Gladbach ,0,0,0,,0.0,0.0,,,,0,0,0,0.0,0.0,,0.0,0.0,2020-12-28 00:44:28,64
260,Marwin Hitz,Dortmund ,0,0,0,,0.0,0.0,,,,0,0,0,0.0,0.0,,0.0,0.0,2020-05-01 04:07:06,18
261,Wesley Hoedt,Lazio ,0,1,0,0.0,0.2,0.0,0.0,,23.5,0,0,0,0.0,0.0,0.04,0.0,0.0,2020-01-01 07:55:12,29
262,Jonas Hofmann,M'Gladbach ,1,2,2,100.0,0.71,0.71,0.5,0.5,15.4,0,0,0,0.3,0.3,0.13,0.7,0.7,2020-07-28 13:41:48,82
263,José Holebas,Olympiacos ,0,1,0,0.0,0.21,0.0,0.0,,12.2,0,0,0,0.0,0.0,0.03,0.0,0.0,2020-12-20 07:26:57,91
264,Ethan Horvath,Club Brugge,0,0,0,,0.0,0.0,,,,0,0,0,0.0,0.0,,0.0,0.0,2020-06-25 12:56:34,99
265,Callum Hudson-Odoi,Chelsea ,2,4,2,50.0,1.43,0.72,0.5,1.0,15.5,0,0,0,0.5,0.5,0.12,1.5,1.5,2020-10-18 18:03:06,62
266,Mats Hummels,Dortmund ,0,2,1,50.0,0.42,0.21,0.0,0.0,10.3,0,0,0,0.1,0.1,0.07,-0.1,-0.1,2020-05-18 06:13:28,67
267,Adrien Hunou,Rennes ,0,3,2,66.7,3.03,2.02,0.0,0.0,16.8,0,0,0,0.3,0.3,0.09,-0.3,-0.3,2020-10-13 17:50:49,92
268,Klaas-Jan Huntelaar,Ajax ,0,1,1,100.0,2.2,2.2,0.0,0.0,7.0,0,0,0,0.4,0.4,0.36,-0.4,-0.4,2020-08-24 22:19:33,81
269,Daniel Høegh,Midtjylland ,0,1,0,0.0,1.0,0.0,0.0,,8.2,0,0,0,0.0,0.0,0.03,0.0,0.0,2020-07-25 11:39:25,54
270,Oussama Idrissi,Sevilla ,0,2,1,50.0,1.21,0.6,0.0,0.0,14.7,0,0,0,0.2,0.2,0.08,-0.2,-0.2,2020-12-26 21:46:09,54
271,Odion Ighalo,Manchester Utd,0,0,0,,0.0,0.0,,,,0,0,0,0.0,0.0,,0.0,0.0,2020-02-03 02:27:50,18
272,Vladislav Ignatyev,Loko Moscow,0,2,1,50.0,0.46,0.23,0.0,0.0,14.9,0,0,0,0.2,0.2,0.08,-0.2,-0.2,2020-11-20 04:21:20,21
273,Josip Ili?i?,Atalanta ,1,8,3,37.5,3.36,1.26,0.13,0.33,17.9,2,0,0,1.3,1.3,0.17,-0.3,-0.3,2020-04-04 09:12:55,29
274,Ciro Immobile,Lazio ,5,10,5,50.0,2.78,1.39,0.2,0.4,18.7,0,3,3,3.6,1.3,0.13,1.4,0.7,2020-06-03 02:53:36,35
275,Nikita Iosifov,Loko Moscow,0,1,1,100.0,6.0,6.0,0.0,0.0,17.5,0,0,0,0.2,0.2,0.16,-0.2,-0.2,2020-10-05 05:26:54,73
276,Isael,Ferencváros ,0,6,1,16.7,1.49,0.25,0.0,0.0,17.6,0,0,0,0.4,0.4,0.06,-0.4,-0.4,2020-03-21 08:00:27,95
277,Gustav Isaksen,Midtjylland ,0,2,1,50.0,3.91,1.96,0.0,0.0,19.3,0,0,0,0.1,0.1,0.03,-0.1,-0.1,2020-12-27 14:30:50,43
278,Isco,Real Madrid,0,0,0,,0.0,0.0,,,,0,0,0,0.0,0.0,,0.0,0.0,2020-06-20 04:13:46,43
279,Daniel James,Manchester Utd,1,1,1,100.0,2.57,2.57,1.0,1.0,9.0,0,0,0,0.5,0.5,0.54,0.5,0.5,2020-04-23 06:46:59,49
280,Manjrekar James,Midtjylland ,0,0,0,,0.0,0.0,,,,0,0,0,0.0,0.0,,0.0,0.0,2020-06-01 05:31:54,28
281,Reece James,Chelsea ,0,0,0,,0.0,0.0,,,,0,0,0,0.0,0.0,,0.0,0.0,2020-01-25 19:25:31,79
282,Tony Jantschke,M'Gladbach ,0,0,0,,0.0,0.0,,,,0,0,0,0.0,0.0,,0.0,0.0,2020-01-02 06:43:26,98
283,Gabriel Jesus,Manchester City,1,7,3,42.9,5.29,2.27,0.14,0.33,10.9,0,0,0,0.7,0.7,0.1,0.3,0.3,2020-01-22 07:24:27,98
284,Curtis Jones,Liverpool ,1,6,4,66.7,1.71,1.14,0.17,0.25,17.6,0,0,0,0.6,0.6,0.1,0.4,0.4,2020-05-01 00:59:12,40
285,Frenkie de Jong,Barcelona ,0,0,0,,0.0,0.0,,,,0,0,0,0.0,0.0,,0.0,0.0,2020-04-29 18:45:25,39
286,Luuk de Jong,Sevilla ,1,9,5,55.6,2.56,1.42,0.11,0.2,9.5,0,0,0,0.9,0.9,0.1,0.1,0.1,2020-02-23 09:08:46,46
287,Joan Jordán,Sevilla ,0,5,0,0.0,1.64,0.0,0.0,,17.6,0,0,0,0.8,0.8,0.16,-0.8,-0.8,2020-08-06 05:54:40,47
288,Jorginho,Chelsea ,1,0,0,,0.0,0.0,,,,0,1,2,1.5,0.0,,-0.5,0.0,2020-09-30 05:20:42,49
289,Diogo Jota,Liverpool ,4,10,7,70.0,2.51,1.76,0.4,0.57,11.4,0,0,0,3.0,3.0,0.3,1.0,1.0,2020-11-28 07:09:05,95
290,Luka Jovi?,Real Madrid,0,2,1,50.0,3.1,1.55,0.0,0.0,14.0,0,0,0,0.1,0.1,0.06,-0.1,-0.1,2020-02-27 01:36:01,32
291,Vinicius Júnior,Real Madrid,1,7,1,14.3,2.76,0.39,0.14,1.0,14.4,0,0,0,0.9,0.9,0.13,0.1,0.1,2020-02-29 16:15:44,81
292,Zlatko Junuzovi?,RB Salzburg,1,6,2,33.3,1.18,0.39,0.17,0.5,21.8,0,0,0,0.2,0.2,0.04,0.8,0.8,2020-11-24 01:30:36,19
293,Sory Kaba,Midtjylland ,0,8,0,0.0,1.58,0.0,0.0,,10.4,0,0,0,0.9,0.9,0.11,-0.9,-0.9,2020-11-21 13:10:46,64
294,?rfan Kahveci,Ba?ak?ehir ,3,13,4,30.8,2.41,0.74,0.23,0.75,19.3,1,0,0,0.6,0.6,0.05,2.4,2.4,2020-02-14 20:40:53,49
295,Felix Kalu Nmecha,Manchester City,0,0,0,,0.0,0.0,,,,0,0,0,0.0,0.0,,0.0,0.0,2020-09-09 14:46:29,69
296,François Kamano,Loko Moscow,0,2,0,0.0,1.0,0.0,0.0,,29.0,0,0,0,0.2,0.2,0.12,-0.2,-0.2,2020-06-25 19:16:21,40
297,Boubacar Kamara,Marseille ,0,3,0,0.0,0.7,0.0,0.0,,23.7,0,0,0,0.1,0.1,0.04,-0.1,-0.1,2020-12-21 18:42:17,35
298,Ruslan Kambolov,Krasnodar ,0,0,0,,0.0,0.0,,,,0,0,0,0.0,0.0,,0.0,0.0,2020-10-07 18:30:55,98
299,Kevin Kampl,RB Leipzig,0,2,0,0.0,0.71,0.0,0.0,,23.7,0,0,0,0.1,0.1,0.06,-0.1,-0.1,2020-01-15 19:38:08,34
300,N'Golo Kanté,Chelsea ,0,0,0,,0.0,0.0,,,,0,0,0,0.0,0.0,,0.0,0.0,2020-07-22 19:46:11,25
301,Emre Kaplan,Ba?ak?ehir ,0,0,0,,0.0,0.0,,,,0,0,0,0.0,0.0,,0.0,0.0,2020-07-28 06:59:58,94
302,Oleksandr Karavayev,Dynamo Kyiv,0,1,1,100.0,0.4,0.4,0.0,0.0,13.4,0,0,0,0.2,0.2,0.17,-0.2,-0.2,2020-03-20 15:48:17,60
303,Vyacheslav Karavayev,Zenit ,0,3,1,33.3,0.96,0.32,0.0,0.0,19.8,0,0,0,0.2,0.2,0.07,-0.2,-0.2,2020-04-27 02:53:19,14
304,Moise Kean,Paris S-G,2,7,2,28.6,2.17,0.62,0.29,1.0,13.9,0,0,0,1.0,1.0,0.14,1.0,1.0,2020-12-03 00:40:13,61
305,Tomasz K?dziora,Dynamo Kyiv,0,1,1,100.0,0.17,0.17,0.0,0.0,9.4,0,0,0,0.0,0.0,0.04,0.0,0.0,2020-12-12 17:48:47,79
306,Thilo Kehrer,Paris S-G,0,0,0,,0.0,0.0,,,,0,0,0,0.0,0.0,,0.0,0.0,2020-10-21 11:43:36,82
307,Naby Keïta,Liverpool ,0,1,1,100.0,1.05,1.05,0.0,0.0,17.0,0,0,0,0.1,0.1,0.07,-0.1,-0.1,2020-06-30 15:20:06,32
308,Caoimhin Kelleher,Liverpool ,0,0,0,,0.0,0.0,,,,0,0,0,0.0,0.0,,0.0,0.0,2020-02-13 01:29:48,90
309,Mikhail Kerzhakov,Zenit ,0,0,0,,0.0,0.0,,,,0,0,0,0.0,0.0,,0.0,0.0,2020-02-29 07:58:22,45
310,Ihor Kharatin,Ferencváros ,1,2,0,0.0,0.55,0.0,0.0,,12.1,0,1,1,0.9,0.2,0.09,0.1,-0.2,2020-05-08 07:45:34,36
311,Davit Khocholava,Shakhtar ,0,0,0,,0.0,0.0,,,,0,0,0,0.0,0.0,,0.0,0.0,2020-06-29 05:02:28,19
312,Joshua Kimmich,Bayern Munich,1,5,1,20.0,1.67,0.33,0.2,1.0,19.8,0,0,0,0.8,0.8,0.15,0.2,0.2,2020-11-12 03:14:12,63
313,Presnel Kimpembe,Paris S-G,0,0,0,,0.0,0.0,,,,0,0,0,0.0,0.0,,0.0,0.0,2020-08-02 20:55:42,2
314,Davy Klaassen,Ajax ,0,3,1,33.3,0.6,0.2,0.0,0.0,12.9,0,0,0,0.7,0.7,0.25,-0.7,-0.7,2020-02-17 11:28:21,86
315,Sean Klaiber,Ajax ,0,0,0,,0.0,0.0,,,,0,0,0,0.0,0.0,,0.0,0.0,2020-06-29 14:12:24,34
316,Justin Kluivert,RB Leipzig,1,3,1,33.3,2.31,0.77,0.33,1.0,14.7,0,0,0,0.6,0.6,0.18,0.4,0.4,2020-07-12 14:55:30,88
317,Ansgar Knauff,Dortmund ,0,0,0,,0.0,0.0,,,,0,0,0,0.0,0.0,,0.0,0.0,2020-08-26 07:12:30,98
318,Sekou Koita,RB Salzburg,0,10,3,30.0,2.21,0.66,0.0,0.0,14.8,0,0,0,0.9,0.9,0.09,-0.9,-0.9,2020-01-13 01:26:15,69
319,Koka,Olympiacos ,1,2,2,100.0,6.21,6.21,0.5,0.5,10.6,0,0,0,0.5,0.5,0.24,0.5,0.5,2020-11-06 00:53:42,63
320,Koke,Atlético Madrid,0,7,0,0.0,1.3,0.0,0.0,,23.4,0,0,0,0.2,0.2,0.03,-0.2,-0.2,2020-10-08 15:34:02,93
321,Aleksandar Kolarov,Inter ,0,1,0,0.0,1.0,0.0,0.0,,23.7,1,0,0,0.1,0.1,0.05,-0.1,-0.1,2020-01-04 15:16:43,77
322,Ibrahima Konaté,RB Leipzig,0,3,1,33.3,0.57,0.19,0.0,0.0,7.5,0,0,0,0.3,0.3,0.11,-0.3,-0.3,2020-11-16 16:39:25,29
323,Viktor Korniienko,Shakhtar ,0,2,0,0.0,0.67,0.0,0.0,,31.9,0,0,0,0.0,0.0,0.01,0.0,0.0,2020-07-07 03:32:06,6
324,Odilon Kossonou,Club Brugge,0,1,0,0.0,0.2,0.0,0.0,,10.0,0,0,0,0.0,0.0,0.04,0.0,0.0,2020-12-22 12:18:32,93
325,Billy Koumetio,Liverpool ,0,0,0,,0.0,0.0,,,,0,0,0,0.0,0.0,,0.0,0.0,2020-12-27 14:05:11,37
326,Jules Koundé,Sevilla ,1,6,4,66.7,1.61,1.07,0.17,0.25,15.3,0,0,0,0.6,0.6,0.1,0.4,0.4,2020-09-24 10:33:54,73
327,Adnan Kova?evi?,Ferencváros ,0,0,0,,0.0,0.0,,,,0,0,0,0.0,0.0,,0.0,0.0,2020-05-02 12:05:56,30
328,Mateo Kova?i?,Chelsea ,0,6,0,0.0,1.6,0.0,0.0,,22.9,0,0,0,0.3,0.3,0.05,-0.3,-0.3,2020-07-29 13:02:20,6
329,Viktor Kovalenko,Shakhtar ,0,2,0,0.0,0.82,0.0,0.0,,22.0,0,0,0,0.2,0.2,0.12,-0.2,-0.2,2020-05-29 02:48:34,79
330,Bozhidar Kraev,Midtjylland ,0,0,0,,0.0,0.0,,,,0,0,0,0.0,0.0,,0.0,0.0,2020-03-22 18:14:57,69
331,Christoph Kramer,M'Gladbach ,0,3,0,0.0,0.51,0.0,0.0,,15.5,0,0,0,0.2,0.2,0.06,-0.2,-0.2,2020-07-02 21:41:40,1
332,Michal Krmen?ík,Club Brugge,0,1,0,0.0,1.22,0.0,0.0,,59.2,0,0,0,0.0,0.0,0.02,0.0,0.0,2020-10-03 12:29:28,31
333,Toni Kroos,Real Madrid,0,6,4,66.7,1.23,0.82,0.0,0.0,25.0,0,0,0,0.2,0.2,0.04,-0.2,-0.2,2020-06-24 02:10:38,89
334,Danil Krugovoy,Zenit ,0,0,0,,0.0,0.0,,,,0,0,0,0.0,0.0,,0.0,0.0,2020-10-03 07:01:48,21
335,Grzegorz Krychowiak,Loko Moscow,0,3,0,0.0,0.75,0.0,0.0,,27.8,0,0,0,0.1,0.1,0.02,-0.1,-0.1,2020-02-06 16:42:25,40
336,Serhiy Kryvtsov,Shakhtar ,0,1,0,0.0,1.0,0.0,0.0,,10.0,0,0,0,0.1,0.1,0.12,-0.1,-0.1,2020-11-02 04:06:07,38
337,Mohammed Kudus,Ajax ,0,0,0,,0.0,0.0,,,,0,0,0,0.0,0.0,,0.0,0.0,2020-09-03 21:36:34,57
338,Daniil Kulikov,Loko Moscow,0,1,1,100.0,0.25,0.25,0.0,0.0,17.8,0,0,0,0.0,0.0,0.02,0.0,0.0,2020-07-31 19:36:08,53
339,Dejan Kulusevski,Juventus ,0,5,2,40.0,2.6,1.04,0.0,0.0,16.5,0,0,0,0.2,0.2,0.05,-0.2,-0.2,2020-01-17 03:39:49,97
340,Layvin Kurzawa,Paris S-G,0,3,1,33.3,1.11,0.37,0.0,0.0,17.3,0,0,0,0.4,0.4,0.13,-0.4,-0.4,2020-08-01 08:00:51,20
341,Daler Kuzyaev,Zenit ,0,1,1,100.0,0.2,0.2,0.0,0.0,14.0,0,0,0,0.2,0.2,0.17,-0.2,-0.2,2020-10-02 10:27:33,19
342,Zakaria Labyad,Ajax ,0,5,2,40.0,2.46,0.98,0.0,0.0,16.8,1,0,0,1.2,1.2,0.24,-1.2,-1.2,2020-02-08 22:12:48,23
343,Aïssa Laïdouni,Ferencváros ,0,3,1,33.3,1.22,0.41,0.0,0.0,20.4,0,0,0,0.1,0.1,0.04,-0.1,-0.1,2020-06-01 18:31:00,37
344,Stefan Lainer,M'Gladbach ,0,1,1,100.0,0.17,0.17,0.0,0.0,23.7,0,0,0,0.0,0.0,0.02,0.0,0.0,2020-08-03 17:14:39,50
345,Sam Lammers,Atalanta ,0,0,0,,0.0,0.0,,,,0,0,0,0.0,0.0,,0.0,0.0,2020-08-01 11:36:23,63
346,Michael Lang,M'Gladbach ,0,0,0,,0.0,0.0,,,,0,0,0,0.0,0.0,,0.0,0.0,2020-03-17 02:30:20,7
347,Noa Lang,Club Brugge,1,6,3,50.0,1.82,0.91,0.17,0.33,17.6,0,0,0,0.4,0.4,0.06,0.6,0.6,2020-11-30 22:40:40,28
348,Aymeric Laporte,Manchester City,0,1,0,0.0,0.54,0.0,0.0,,8.0,0,0,0,0.1,0.1,0.12,-0.1,-0.1,2020-07-31 12:42:07,45
349,Valentino Lazaro,M'Gladbach ,0,0,0,,0.0,0.0,,,,0,0,0,0.0,0.0,,0.0,0.0,2020-12-19 19:10:37,38
350,Manuel Lazzari,Lazio ,0,1,1,100.0,0.5,0.5,0.0,0.0,13.0,0,0,0,0.4,0.4,0.42,-0.4,-0.4,2020-04-10 03:01:51,24
351,James Lea Siliki,Rennes ,0,5,0,0.0,2.11,0.0,0.0,,15.2,0,0,0,0.6,0.6,0.13,-0.6,-0.6,2020-12-27 08:11:28,19
352,Diogo Leite,Porto ,0,0,0,,0.0,0.0,,,,0,0,0,0.0,0.0,,0.0,0.0,2020-10-01 16:32:57,74
353,Lucas Leiva,Lazio ,0,2,0,0.0,0.6,0.0,0.0,,18.6,0,0,0,0.0,0.0,0.02,0.0,0.0,2020-08-28 10:30:20,85
354,Thomas Lemar,Atlético Madrid,0,0,0,,0.0,0.0,,,,0,0,0,0.0,0.0,,0.0,0.0,2020-11-24 21:04:17,22
355,Clément Lenglet,Barcelona ,0,1,0,0.0,0.24,0.0,0.0,,7.0,0,0,0,0.1,0.1,0.1,-0.1,-0.1,2020-10-04 00:51:34,70
356,Robert Lewandowski,Bayern Munich,3,14,4,28.6,3.58,1.02,0.14,0.5,14.5,3,1,1,2.8,2.0,0.14,0.2,0.0,2020-02-24 18:11:01,99
357,Bohdan Liedniev,Dynamo Kyiv,0,1,0,0.0,2.9,0.0,0.0,,21.0,0,0,0,0.1,0.1,0.07,-0.1,-0.1,2020-05-13 12:20:16,41
358,Matthijs de Ligt,Juventus ,0,0,0,,0.0,0.0,,,,0,0,0,0.0,0.0,,0.0,0.0,2020-04-29 06:51:30,2
359,Victor Lindelöf,Manchester Utd,0,2,1,50.0,0.46,0.23,0.0,0.0,15.1,0,0,0,0.1,0.1,0.04,-0.1,-0.1,2020-06-10 14:28:02,23
360,Vitaly Lisakovich,Loko Moscow,1,1,1,100.0,1.3,1.3,1.0,1.0,7.2,0,0,0,0.1,0.1,0.07,0.9,0.9,2020-11-12 09:49:27,1
361,Marcos Llorente,Atlético Madrid,1,10,3,30.0,1.9,0.57,0.1,0.33,19.2,0,0,0,0.9,0.9,0.09,0.1,0.1,2020-07-16 12:20:37,42
362,Renan Lodi,Atlético Madrid,0,2,1,50.0,0.55,0.28,0.0,0.0,19.3,0,0,0,0.1,0.1,0.04,-0.1,-0.1,2020-10-22 20:58:39,16
363,Dejan Lovren,Zenit ,0,4,1,25.0,0.94,0.23,0.0,0.0,24.2,1,0,0,0.1,0.1,0.03,-0.1,-0.1,2020-01-04 12:36:39,79
364,Gerg? Lovrencsics,Ferencváros ,0,6,0,0.0,1.46,0.0,0.0,,26.4,0,0,0,0.1,0.1,0.02,-0.1,-0.1,2020-08-24 07:37:07,95
365,José Luis Palomino,Atalanta ,0,0,0,,0.0,0.0,,,,0,0,0,0.0,0.0,,0.0,0.0,2020-04-25 13:25:46,43
366,Zé Luís,Loko Moscow,0,4,2,50.0,0.95,0.47,0.0,0.0,17.8,0,0,0,0.3,0.3,0.08,-0.3,-0.3,2020-10-27 18:03:41,44
367,Romelu Lukaku,Inter ,4,15,8,53.3,3.03,1.62,0.27,0.5,11.8,2,0,0,3.1,3.1,0.21,0.9,0.9,2020-09-18 20:02:04,20
368,Vitali Lystsov,Loko Moscow,0,0,0,,0.0,0.0,,,,0,0,0,0.0,0.0,,0.0,0.0,2020-10-06 03:47:10,43
369,Yann M'Vila,Olympiacos ,0,2,0,0.0,0.34,0.0,0.0,,19.8,0,0,0,0.1,0.1,0.05,-0.1,-0.1,2020-01-06 21:22:54,49
370,Awer Mabil,Midtjylland ,1,7,4,57.1,1.4,0.8,0.0,0.0,19.2,1,1,1,1.2,0.4,0.06,-0.2,-0.4,2020-09-07 07:24:47,45
371,Nicolas Madsen,Midtjylland ,0,0,0,,0.0,0.0,,,,0,0,0,0.0,0.0,,0.0,0.0,2020-10-06 07:36:41,29
372,Stanislav Magkeev,Loko Moscow,0,1,0,0.0,0.46,0.0,0.0,,22.6,0,0,0,0.1,0.1,0.07,-0.1,-0.1,2020-05-26 00:24:48,21
373,Harry Maguire,Manchester Utd,0,3,0,0.0,0.6,0.0,0.0,,9.0,0,0,0,0.2,0.2,0.08,-0.2,-0.2,2020-04-04 18:01:42,1
374,Riyad Mahrez,Manchester City,0,7,2,28.6,2.5,0.71,0.0,0.0,13.9,0,0,0,1.5,1.5,0.22,-1.5,-1.5,2020-06-08 06:21:08,13
375,Róbert Mak,Ferencváros ,0,4,1,25.0,4.14,1.03,0.0,0.0,18.8,0,0,0,0.2,0.2,0.06,-0.2,-0.2,2020-02-23 14:12:24,61
376,Malcom,Zenit ,0,7,2,28.6,2.6,0.74,0.0,0.0,22.8,0,0,0,0.3,0.3,0.05,-0.3,-0.3,2020-05-28 22:30:34,38
377,Ruslan Malinovskyi,Atalanta ,0,3,2,66.7,6.59,4.39,0.0,0.0,23.7,0,0,0,0.1,0.1,0.05,-0.1,-0.1,2020-01-21 10:22:44,57
378,Wilson Manafá,Porto ,0,0,0,,0.0,0.0,,,,0,0,0,0.0,0.0,,0.0,0.0,2020-11-14 23:56:25,80
379,Steve Mandanda,Marseille ,0,0,0,,0.0,0.0,,,,0,0,0,0.0,0.0,,0.0,0.0,2020-01-04 14:41:14,17
380,Sadio Mané,Liverpool ,1,9,5,55.6,2.23,1.24,0.11,0.2,16.1,0,0,0,0.7,0.7,0.08,0.3,0.3,2020-12-24 18:47:24,75
381,Faitout Maouassa,Rennes ,0,1,0,0.0,1.08,0.0,0.0,,28.2,0,0,0,0.0,0.0,0.01,0.0,0.0,2020-03-02 04:02:50,45
382,Marcelo,Real Madrid,0,0,0,,0.0,0.0,,,,0,0,0,0.0,0.0,,0.0,0.0,2020-01-31 19:23:36,22
383,Agustín Marchesín,Porto ,0,0,0,,0.0,0.0,,,,0,0,0,0.0,0.0,,0.0,0.0,2020-08-20 18:54:57,91
384,Moussa Marega,Porto ,1,8,5,62.5,1.73,1.08,0.13,0.2,17.7,0,0,0,1.6,1.6,0.2,-0.6,-0.6,2020-06-15 20:39:41,41
385,José María Giménez,Atlético Madrid,1,4,1,25.0,1.46,0.36,0.25,1.0,12.6,0,0,0,0.1,0.1,0.03,0.9,0.9,2020-12-05 01:23:41,89
386,Mariano,Real Madrid,0,2,2,100.0,2.54,2.54,0.0,0.0,15.7,0,0,0,0.1,0.1,0.04,-0.1,-0.1,2020-04-08 23:42:38,34
387,Guilherme Marinato,Loko Moscow,0,0,0,,0.0,0.0,,,,0,0,0,0.0,0.0,,0.0,0.0,2020-01-10 22:17:09,21
388,João Mário Lopes,Porto ,0,1,0,0.0,1.08,0.0,0.0,,19.9,0,0,0,0.0,0.0,0.03,0.0,0.0,2020-11-29 22:23:21,82
389,Yevgeni Markov,Krasnodar ,0,0,0,,0.0,0.0,,,,0,0,0,0.0,0.0,,0.0,0.0,2020-10-31 22:36:08,44
390,Marlos,Shakhtar ,0,3,1,33.3,0.63,0.21,0.0,0.0,16.9,0,0,0,0.6,0.6,0.19,-0.6,-0.6,2020-08-01 12:15:09,15
391,Marquinhos,Paris S-G,1,2,1,50.0,0.42,0.21,0.5,1.0,3.5,0,0,0,1.2,1.2,0.59,-0.2,-0.2,2020-05-19 02:15:58,24
392,Anthony Martial,Manchester Utd,2,7,2,28.6,1.48,0.42,0.14,0.5,13.5,0,1,1,2.0,1.2,0.18,0.0,-0.2,2020-12-04 11:36:35,10
393,Jonas Martin,Rennes ,0,0,0,,0.0,0.0,,,,0,0,0,0.0,0.0,,0.0,0.0,2020-02-07 13:24:51,63
394,Javi Martínez,Bayern Munich,0,1,0,0.0,0.63,0.0,0.0,,6.0,0,0,0,0.3,0.3,0.27,-0.3,-0.3,2020-06-20 21:09:26,53
395,Lautaro Martínez,Inter ,1,19,5,26.3,4.22,1.11,0.05,0.2,11.9,0,0,0,2.4,2.4,0.13,-1.4,-1.4,2020-09-18 12:48:52,24
396,Lisandro Martínez,Ajax ,0,2,1,50.0,0.6,0.3,0.0,0.0,19.5,0,0,0,0.2,0.2,0.08,-0.2,-0.2,2020-08-02 03:34:01,78
397,Toni Martínez,Porto ,0,3,1,33.3,3.42,1.14,0.0,0.0,18.8,0,0,0,0.1,0.1,0.04,-0.1,-0.1,2020-07-08 12:46:50,47
398,Alyaksandr Martynovich,Krasnodar ,0,5,0,0.0,1.0,0.0,0.0,,16.5,0,0,0,0.3,0.3,0.05,-0.3,-0.3,2020-01-14 21:00:07,39
399,Adam Marui?,Lazio ,0,2,1,50.0,0.33,0.17,0.0,0.0,16.3,0,0,0,0.1,0.1,0.05,-0.1,-0.1,2020-07-13 10:35:00,7
400,Giorgos Masouras,Olympiacos ,0,2,0,0.0,0.63,0.0,0.0,,19.1,0,0,0,0.3,0.3,0.15,-0.3,-0.3,2020-10-12 08:51:04,19
401,Clinton Mata,Club Brugge,0,2,0,0.0,0.34,0.0,0.0,,6.0,0,0,0,0.3,0.3,0.16,-0.3,-0.3,2020-01-11 00:22:13,98
402,Juan Mata,Manchester Utd,0,0,0,,0.0,0.0,,,,0,0,0,0.0,0.0,,0.0,0.0,2020-07-04 22:09:47,80
403,Nemanja Mati?,Manchester Utd,0,1,0,0.0,0.41,0.0,0.0,,10.0,0,0,0,0.0,0.0,0.04,0.0,0.0,2020-09-18 12:22:54,83
404,Joël Matip,Liverpool ,0,1,0,0.0,0.52,0.0,0.0,,10.0,0,0,0,0.0,0.0,0.04,0.0,0.0,2020-09-27 21:15:24,79
405,Mykola Matviyenko,Shakhtar ,0,1,1,100.0,0.3,0.3,0.0,0.0,8.0,0,0,0,0.2,0.2,0.15,-0.2,-0.2,2020-09-03 12:19:06,28
406,Eric Maxim Choupo-Moting,Bayern Munich,1,5,3,60.0,2.39,1.44,0.2,0.33,16.9,0,0,0,0.3,0.3,0.06,0.7,0.7,2020-08-16 09:12:28,89
407,Maycon,Shakhtar ,0,2,0,0.0,0.49,0.0,0.0,,20.7,0,0,0,0.1,0.1,0.04,-0.1,-0.1,2020-09-13 02:04:03,54
408,Noussair Mazraoui,Ajax ,1,9,4,44.4,1.7,0.75,0.11,0.25,22.0,0,0,0,0.5,0.5,0.05,0.5,0.5,2020-02-09 09:23:42,82
409,Kylian Mbappé,Paris S-G,2,17,4,23.5,3.41,0.8,0.06,0.25,15.4,0,1,1,3.3,2.6,0.15,-1.3,-1.6,2020-06-08 20:57:31,81
410,Chancel Mbemba,Porto ,0,0,0,,0.0,0.0,,,,0,0,0,0.0,0.0,,0.0,0.0,2020-05-12 16:51:48,62
411,Weston McKennie,Juventus ,1,4,3,75.0,1.22,0.92,0.25,0.33,13.1,0,0,0,0.6,0.6,0.15,0.4,0.4,2020-03-31 10:45:08,83
412,Scott McTominay,Manchester Utd,0,6,2,33.3,1.57,0.52,0.0,0.0,13.7,0,0,0,0.3,0.3,0.04,-0.3,-0.3,2020-11-14 21:44:09,42
413,Brandon Mechele,Club Brugge,0,0,0,,0.0,0.0,,,,0,0,0,0.0,0.0,,0.0,0.0,2020-02-19 13:33:19,57
414,Arthur Melo,Juventus ,0,2,0,0.0,0.78,0.0,0.0,,22.4,0,0,0,0.1,0.1,0.03,-0.1,-0.1,2020-04-30 10:35:38,68
415,Benjamin Mendy,Manchester City,0,1,0,0.0,1.17,0.0,0.0,,27.5,0,0,0,0.0,0.0,0.02,0.0,0.0,2020-06-15 06:41:42,60
416,Edouard Mendy,Chelsea ,0,0,0,,0.0,0.0,,,,0,0,0,0.0,0.0,,0.0,0.0,2020-12-05 09:16:39,90
417,Ferland Mendy,Real Madrid,0,4,1,25.0,0.67,0.17,0.0,0.0,15.0,0,0,0,0.2,0.2,0.04,-0.2,-0.2,2020-04-13 00:24:45,6
418,Lionel Messi,Barcelona ,3,25,13,52.0,6.25,3.25,0.0,0.0,21.5,6,3,3,4.1,1.8,0.07,-1.1,-1.8,2020-02-04 11:42:19,7
419,Thomas Meunier,Dortmund ,0,2,0,0.0,0.54,0.0,0.0,,15.6,0,0,0,0.5,0.5,0.26,-0.5,-0.5,2020-08-20 07:46:00,58
420,Simon Mignolet,Club Brugge,0,0,0,,0.0,0.0,,,,0,0,0,0.0,0.0,,0.0,0.0,2020-07-21 01:11:17,66
421,Sergej Milinkovi?-Savi?,Lazio ,0,6,3,50.0,1.3,0.65,0.0,0.0,20.2,0,0,0,0.7,0.7,0.12,-0.7,-0.7,2020-12-06 17:12:18,98
422,Éder Militão,Real Madrid,0,1,0,0.0,1.0,0.0,0.0,,28.2,0,0,0,0.0,0.0,0.02,0.0,0.0,2020-08-05 00:22:19,55
423,James Milner,Liverpool ,0,4,0,0.0,1.22,0.0,0.0,,20.4,0,0,0,0.2,0.2,0.05,-0.2,-0.2,2020-08-23 06:39:29,4
424,Takumi Minamino,Liverpool ,0,3,2,66.7,1.45,0.97,0.0,0.0,16.5,0,0,0,0.4,0.4,0.12,-0.4,-0.4,2020-02-02 21:06:33,13
425,Óscar Mingueza,Barcelona ,0,1,0,0.0,0.48,0.0,0.0,,5.8,0,0,0,0.0,0.0,0.03,0.0,0.0,2020-06-03 14:11:15,70
426,Aleksei Miranchuk,Atalanta ,1,1,1,100.0,5.29,5.29,1.0,1.0,17.7,0,0,0,0.1,0.1,0.07,0.9,0.9,2020-09-28 22:16:35,28
427,Anton Miranchuk,Loko Moscow,3,5,2,40.0,0.98,0.39,0.2,0.5,22.1,0,2,2,2.2,0.7,0.14,0.8,0.3,2020-08-20 07:04:52,61
428,Luka Modri?,Real Madrid,1,6,1,16.7,1.45,0.24,0.17,1.0,20.6,0,0,0,0.5,0.5,0.09,0.5,0.5,2020-02-08 07:34:34,78
429,Johan Mojica,Atalanta ,0,0,0,,0.0,0.0,,,,0,0,0,0.0,0.0,,0.0,0.0,2020-08-09 05:25:14,33
430,Júnior Moraes,Shakhtar ,0,2,1,50.0,1.13,0.57,0.0,0.0,17.0,0,0,0,0.1,0.1,0.07,-0.1,-0.1,2020-03-21 12:11:35,87
431,Álvaro Morata,Juventus ,6,11,7,63.6,2.2,1.4,0.55,0.86,11.2,0,0,0,2.2,2.2,0.2,3.8,3.8,2020-04-12 11:56:50,5
432,Mateu Morey,Dortmund ,0,0,0,,0.0,0.0,,,,0,0,0,0.0,0.0,,0.0,0.0,2020-12-27 08:54:38,20
433,Andrei Mostovoy,Zenit ,0,4,0,0.0,1.83,0.0,0.0,,19.3,0,0,0,0.4,0.4,0.1,-0.4,-0.4,2020-08-31 23:57:01,89
434,Youssoufa Moukoko,Dortmund ,0,0,0,,0.0,0.0,,,,0,0,0,0.0,0.0,,0.0,0.0,2020-06-18 07:56:56,34
435,Mason Mount,Chelsea ,0,2,2,100.0,0.69,0.69,0.0,0.0,10.9,0,0,0,0.6,0.6,0.32,-0.6,-0.6,2020-05-22 14:16:01,64
436,Maksim Mukhin,Loko Moscow,0,1,0,0.0,2.0,0.0,0.0,,28.5,0,0,0,0.0,0.0,0.01,0.0,0.0,2020-12-09 04:10:20,37
437,Nordi Mukiele,RB Leipzig,1,4,2,50.0,0.91,0.46,0.25,0.5,13.5,0,0,0,0.3,0.3,0.07,0.7,0.7,2020-10-12 04:11:49,99
438,Thomas Müller,Bayern Munich,1,5,2,40.0,1.18,0.47,0.0,0.0,17.6,0,1,1,1.2,0.4,0.08,-0.2,-0.4,2020-09-05 10:41:19,16
439,Luis Muriel,Atalanta ,2,7,5,71.4,2.99,2.13,0.29,0.4,15.5,0,0,0,1.2,1.2,0.17,0.8,0.8,2020-03-08 22:58:08,55
440,Vedat Muriqi,Lazio ,0,5,1,20.0,3.54,0.71,0.0,0.0,14.0,0,0,0,0.6,0.6,0.13,-0.6,-0.6,2020-10-15 14:23:28,93
441,Leon Musayev,Zenit ,0,0,0,,0.0,0.0,,,,0,0,0,0.0,0.0,,0.0,0.0,2020-10-30 16:42:02,71
442,Jamal Musiala,Bayern Munich,0,1,0,0.0,0.85,0.0,0.0,,18.6,0,0,0,0.0,0.0,0.04,0.0,0.0,2020-01-04 09:56:12,14
443,Enoch Mwepu,RB Salzburg,0,14,7,50.0,2.43,1.21,0.0,0.0,17.4,0,0,0,1.6,1.6,0.12,-1.6,-1.6,2020-09-05 18:38:32,18
444,Vitaliy Mykolenko,Dynamo Kyiv,0,1,0,0.0,0.25,0.0,0.0,,23.6,0,0,0,0.0,0.0,0.02,0.0,0.0,2020-02-10 13:17:48,6
445,Nacho,Real Madrid,0,3,2,66.7,1.5,1.0,0.0,0.0,9.1,0,0,0,0.1,0.1,0.05,-0.1,-0.1,2020-04-21 04:08:27,74
446,Yuto Nagatomo,Marseille ,0,0,0,,0.0,0.0,,,,0,0,0,0.0,0.0,,0.0,0.0,2020-07-29 18:35:57,4
447,Radja Nainggolan,Inter ,0,0,0,,0.0,0.0,,,,0,0,0,0.0,0.0,,0.0,0.0,2020-07-23 21:11:07,26
448,Shoya Nakajima,Porto ,0,1,0,0.0,1.23,0.0,0.0,,23.6,0,0,0,0.0,0.0,0.02,0.0,0.0,2020-05-15 22:02:08,43
449,Jesús Navas,Sevilla ,0,2,2,100.0,0.64,0.64,0.0,0.0,19.6,0,0,0,0.1,0.1,0.04,-0.1,-0.1,2020-11-04 17:49:06,58
450,Keylor Navas,Paris S-G,0,0,0,,0.0,0.0,,,,0,0,0,0.0,0.0,,0.0,0.0,2020-01-24 10:55:15,24
451,Loum Ndiaye,Porto ,0,0,0,,0.0,0.0,,,,0,0,0,0.0,0.0,,0.0,0.0,2020-12-13 21:27:33,47
452,David Neres,Ajax ,1,5,2,40.0,1.45,0.58,0.2,0.5,15.9,0,0,0,0.5,0.5,0.1,0.5,0.5,2020-05-30 23:57:26,57
453,Ruslan Neshcheret,Dynamo Kyiv,0,0,0,,0.0,0.0,,,,0,0,0,0.0,0.0,,0.0,0.0,2020-10-17 02:30:14,48
454,Neto,Barcelona ,0,0,0,,0.0,0.0,,,,0,0,0,0.0,0.0,,0.0,0.0,2020-07-13 22:31:07,70
455,Manuel Neuer,Bayern Munich,0,0,0,,0.0,0.0,,,,0,0,0,0.0,0.0,,0.0,0.0,2020-12-12 23:44:59,98
456,Florian Neuhaus,M'Gladbach ,0,10,4,40.0,1.74,0.69,0.0,0.0,23.1,0,0,0,0.8,0.8,0.08,-0.8,-0.8,2020-07-27 21:33:01,44
457,Neymar,Paris S-G,6,16,10,62.5,3.75,2.34,0.31,0.5,19.9,2,1,1,3.0,2.3,0.14,3.0,2.7,2020-05-30 14:51:54,82
458,Tokmac Nguen,Ferencváros ,1,12,3,25.0,2.37,0.59,0.08,0.33,21.3,0,0,0,0.9,0.9,0.07,0.1,0.1,2020-02-20 14:13:42,63
459,M'Baye Niang,Rennes ,0,6,1,16.7,5.4,0.9,0.0,0.0,16.2,0,0,0,0.5,0.5,0.08,-0.5,-0.5,2020-03-13 23:04:59,69
460,Saúl Ñíguez,Atlético Madrid,0,4,1,25.0,1.25,0.31,0.0,0.0,21.8,0,0,0,0.1,0.1,0.03,-0.1,-0.1,2020-11-20 12:11:50,76
461,Rasmus Nissen,RB Salzburg,0,4,0,0.0,0.8,0.0,0.0,,15.8,0,0,0,0.2,0.2,0.05,-0.2,-0.2,2020-02-18 14:42:54,24
462,Christopher Nkunku,RB Leipzig,1,4,3,75.0,0.89,0.67,0.25,0.33,18.3,0,0,0,0.2,0.2,0.05,0.8,0.8,2020-08-16 22:02:20,36
463,Alexander Nübel,Bayern Munich,0,0,0,,0.0,0.0,,,,0,0,0,0.0,0.0,,0.0,0.0,2020-12-30 23:50:22,37
464,Gerzino Nyamsi,Rennes ,0,4,2,50.0,2.0,1.0,0.0,0.0,8.9,0,0,0,0.3,0.3,0.07,-0.3,-0.3,2020-12-30 13:49:28,56
465,Steven Nzonzi,Rennes ,0,1,0,0.0,0.21,0.0,0.0,,22.0,0,0,0,0.1,0.1,0.08,-0.1,-0.1,2020-02-23 09:15:51,96
466,Jan Oblak,Atlético Madrid,0,0,0,,0.0,0.0,,,,0,0,0,0.0,0.0,,0.0,0.0,2020-10-05 22:15:54,73
467,Lucas Ocampos,Sevilla ,0,10,3,30.0,2.3,0.69,0.0,0.0,17.2,0,0,0,0.7,0.7,0.07,-0.7,-0.7,2020-02-19 13:12:12,17
468,Noah Okafor,RB Salzburg,0,2,1,50.0,3.1,1.55,0.0,0.0,14.3,0,0,0,0.2,0.2,0.12,-0.2,-0.2,2020-03-19 21:46:15,89
469,David Okereke,Club Brugge,0,1,0,0.0,3.33,0.0,0.0,,20.0,0,0,0,0.1,0.1,0.06,-0.1,-0.1,2020-11-10 07:21:10,23
470,Masaya Okugawa,RB Salzburg,1,2,2,100.0,4.0,4.0,0.5,0.5,14.6,0,0,0,0.5,0.5,0.26,0.5,0.5,2020-10-26 15:22:46,92
471,Sérgio Oliveira,Porto ,3,4,3,75.0,0.81,0.61,0.25,0.33,26.5,0,2,2,1.8,0.3,0.06,1.2,0.7,2020-10-06 12:46:20,98
472,Dani Olmo,RB Leipzig,1,6,2,33.3,1.28,0.43,0.17,0.5,18.6,0,0,0,0.4,0.4,0.06,0.6,0.6,2020-08-09 14:17:20,15
473,Kristoffer Olsson,Krasnodar ,0,2,1,50.0,0.44,0.22,0.0,0.0,25.0,1,0,0,0.1,0.1,0.06,-0.1,-0.1,2020-06-22 09:43:41,16
474,André Onana,Ajax ,0,0,0,,0.0,0.0,,,,0,0,0,0.0,0.0,,0.0,0.0,2020-05-17 08:31:00,24
475,Jerome Onguene,RB Salzburg,0,0,0,,0.0,0.0,,,,0,0,0,0.0,0.0,,0.0,0.0,2020-05-20 05:30:07,73
476,Frank Onyeka,Midtjylland ,0,5,0,0.0,0.89,0.0,0.0,,21.0,0,0,0,0.6,0.6,0.12,-0.6,-0.6,2020-02-10 15:16:50,4
477,Willi Orban,RB Leipzig,0,1,0,0.0,0.3,0.0,0.0,,9.0,0,0,0,0.1,0.1,0.05,-0.1,-0.1,2020-10-03 03:07:09,73
478,Divock Origi,Liverpool ,0,1,0,0.0,0.48,0.0,0.0,,18.8,0,0,0,0.1,0.1,0.07,-0.1,-0.1,2020-08-10 21:43:50,88
479,Otávio,Porto ,1,2,1,50.0,0.44,0.22,0.0,0.0,16.9,0,1,1,0.8,0.1,0.04,0.2,-0.1,2020-06-21 05:29:01,25
480,Berkay Özcan,Ba?ak?ehir ,0,1,0,0.0,0.2,0.0,0.0,,21.0,0,0,0,0.1,0.1,0.11,-0.1,-0.1,2020-02-10 14:34:53,58
481,Magomed Ozdoyev,Zenit ,0,4,1,25.0,1.13,0.28,0.0,0.0,20.2,0,0,0,0.2,0.2,0.05,-0.2,-0.2,2020-02-05 00:48:08,18
482,Cole Palmer,Manchester City,0,0,0,,0.0,0.0,,,,0,0,0,0.0,0.0,,0.0,0.0,2020-03-24 21:55:42,9
483,Emerson Palmieri,Chelsea ,0,2,1,50.0,0.83,0.41,0.0,0.0,23.8,0,0,0,0.0,0.0,0.02,0.0,0.0,2020-09-08 08:01:15,26
484,Kaio Pantaleão,Krasnodar ,0,3,0,0.0,0.52,0.0,0.0,,7.3,0,0,0,0.6,0.6,0.19,-0.6,-0.6,2020-11-03 11:14:51,53
485,Leandro Paredes,Paris S-G,0,2,0,0.0,0.74,0.0,0.0,,20.3,0,0,0,0.1,0.1,0.06,-0.1,-0.1,2020-02-24 14:42:38,27
486,Marco Parolo,Lazio ,1,3,1,33.3,1.28,0.43,0.33,1.0,15.0,0,0,0,0.3,0.3,0.08,0.7,0.7,2020-01-15 14:54:11,20
487,Mario Paali?,Atalanta ,0,4,3,75.0,2.06,1.54,0.0,0.0,15.5,0,0,0,0.6,0.6,0.15,-0.6,-0.6,2020-02-18 18:15:20,66
488,Felix Passlack,Dortmund ,0,1,0,0.0,1.1,0.0,0.0,,25.0,0,0,0,0.0,0.0,0.02,0.0,0.0,2020-02-22 02:50:00,90
489,Alfonso Pastor,Sevilla ,0,0,0,,0.0,0.0,,,,0,0,0,0.0,0.0,,0.0,0.0,2020-05-28 01:53:11,16
490,Patric,Lazio ,0,1,1,100.0,0.24,0.24,0.0,0.0,32.6,0,0,0,0.0,0.0,0.02,0.0,0.0,2020-05-07 21:26:34,13
491,Alan Patrick,Shakhtar ,0,1,0,0.0,0.56,0.0,0.0,,26.2,0,0,0,0.0,0.0,0.02,0.0,0.0,2020-08-10 09:38:44,79
492,Giuliano de Paula,Ba?ak?ehir ,0,1,0,0.0,1.07,0.0,0.0,,24.0,0,0,0,0.0,0.0,0.02,0.0,0.0,2020-02-20 05:27:13,37
493,Paulinho,Midtjylland ,0,1,1,100.0,0.19,0.19,0.0,0.0,19.7,0,0,0,0.0,0.0,0.03,0.0,0.0,2020-07-04 05:45:05,38
494,Benjamin Pavard,Bayern Munich,0,2,1,50.0,0.61,0.3,0.0,0.0,24.4,0,0,0,0.1,0.1,0.04,-0.1,-0.1,2020-04-12 08:25:49,20
495,Dimitri Payet,Marseille ,2,6,3,50.0,1.59,0.79,0.0,0.0,33.3,1,2,3,2.4,0.2,0.03,-0.4,-0.2,2020-03-08 21:30:00,38
496,Pedri,Barcelona ,1,4,2,50.0,1.07,0.54,0.25,0.5,12.8,0,0,0,0.8,0.8,0.21,0.2,0.2,2020-09-25 04:11:51,15
497,Timothee Pembele,Paris S-G,0,0,0,,0.0,0.0,,,,0,0,0,0.0,0.0,,0.0,0.0,2020-06-28 19:09:08,16
498,Carlos de Pena,Dynamo Kyiv,1,6,4,66.7,1.65,1.1,0.17,0.25,21.8,0,0,0,0.8,0.8,0.13,0.2,0.2,2020-09-16 06:45:00,90
499,Pepe,Porto ,0,0,0,,0.0,0.0,,,,0,0,0,0.0,0.0,,0.0,0.0,2020-09-10 05:01:22,14
500,Andreas Pereira,Lazio ,0,3,1,33.3,2.62,0.87,0.0,0.0,24.5,1,0,0,0.2,0.2,0.05,-0.2,-0.2,2020-07-19 10:36:16,19
501,Danilo Pereira,Paris S-G,0,0,0,,0.0,0.0,,,,0,0,0,0.0,0.0,,0.0,0.0,2020-02-27 01:58:46,78
502,Ivan Perii?,Inter ,1,6,2,33.3,2.2,0.73,0.17,0.5,13.4,0,0,0,0.5,0.5,0.09,0.5,0.5,2020-09-22 17:17:34,36
503,Matteo Pessina,Atalanta ,0,3,0,0.0,0.86,0.0,0.0,,17.4,0,0,0,0.3,0.3,0.1,-0.3,-0.3,2020-01-25 06:58:26,2
504,Sergei Petrov,Krasnodar ,0,0,0,,0.0,0.0,,,,0,0,0,0.0,0.0,,0.0,0.0,2020-07-26 19:41:44,18
505,Luca Pfeiffer,Midtjylland ,0,2,1,50.0,9.0,4.5,0.0,0.0,12.3,0,0,0,0.3,0.3,0.13,-0.3,-0.3,2020-11-22 13:21:17,83
506,Andrea Pinamonti,Inter ,0,0,0,,0.0,0.0,,,,0,0,0,0.0,0.0,,0.0,0.0,2020-06-11 03:50:16,62
507,Gerard Piqué,Barcelona ,1,1,1,100.0,0.57,0.57,1.0,1.0,9.0,0,0,0,0.1,0.1,0.1,0.9,0.9,2020-06-03 08:41:02,85
508,?ukasz Piszczek,Dortmund ,1,2,2,100.0,0.8,0.8,0.5,0.5,6.1,0,0,0,0.6,0.6,0.28,0.4,0.4,2020-02-26 07:11:26,81
509,Miralem Pjani?,Barcelona ,0,8,1,12.5,1.54,0.19,0.0,0.0,25.0,0,0,0,0.3,0.3,0.04,-0.3,-0.3,2020-02-11 01:07:47,15
510,Alassane Pléa,M'Gladbach ,5,15,7,46.7,3.01,1.4,0.33,0.71,15.9,1,0,0,2.5,2.5,0.17,2.5,2.5,2020-03-06 14:22:43,65
511,Paul Pogba,Manchester Utd,0,5,0,0.0,2.49,0.0,0.0,,23.0,0,0,0,0.1,0.1,0.02,-0.1,-0.1,2020-03-02 23:34:05,90
512,Carlos Ponck,Ba?ak?ehir ,0,1,0,0.0,0.49,0.0,0.0,,11.0,0,0,0,0.0,0.0,0.04,0.0,0.0,2020-01-16 12:04:00,81
513,Denys Popov,Dynamo Kyiv,1,1,1,100.0,0.22,0.22,1.0,1.0,8.0,0,0,0,0.1,0.1,0.08,0.9,0.9,2020-02-12 04:45:06,42
514,Yussuf Poulsen,RB Leipzig,1,5,2,40.0,1.07,0.43,0.2,0.5,13.2,0,0,0,0.4,0.4,0.08,0.6,0.6,2020-12-07 05:58:26,14
515,Danila Prokhin,Zenit ,0,0,0,,0.0,0.0,,,,0,0,0,0.0,0.0,,0.0,0.0,2020-05-11 05:51:11,49
516,Quincy Promes,Ajax ,0,5,2,40.0,1.81,0.73,0.0,0.0,20.0,0,0,0,0.8,0.8,0.16,-0.8,-0.8,2020-11-15 06:22:29,97
517,Riqui Puig,Barcelona ,0,3,0,0.0,3.51,0.0,0.0,,18.0,0,0,0,0.5,0.5,0.17,-0.5,-0.5,2020-11-24 12:00:10,65
518,Christian Pulisic,Chelsea ,1,8,2,25.0,4.11,1.03,0.13,0.5,12.4,0,0,0,0.8,0.8,0.1,0.2,0.2,2020-01-02 02:55:08,10
519,Andriy Pyatov,Shakhtar ,0,0,0,,0.0,0.0,,,,0,0,0,0.0,0.0,,0.0,0.0,2020-05-13 21:32:19,18
520,Adrien Rabiot,Juventus ,0,2,1,50.0,0.62,0.31,0.0,0.0,21.6,0,0,0,0.1,0.1,0.03,-0.1,-0.1,2020-11-16 23:36:33,59
521,Nemanja Radonji?,Marseille ,0,1,1,100.0,0.98,0.98,0.0,0.0,29.0,0,0,0,0.0,0.0,0.02,0.0,0.0,2020-05-14 02:17:08,56
522,?tefan Radu,Lazio ,0,1,0,0.0,2.0,0.0,0.0,,9.5,0,0,0,0.1,0.1,0.06,-0.1,-0.1,2020-05-23 22:08:21,40
523,Rafael,Ba?ak?ehir ,0,2,1,50.0,0.35,0.17,0.0,0.0,23.3,0,0,0,0.1,0.1,0.03,-0.1,-0.1,2020-06-07 23:31:34,66
524,Rafinha,Paris S-G,0,3,2,66.7,2.21,1.48,0.0,0.0,20.1,0,0,0,0.2,0.2,0.08,-0.2,-0.2,2020-02-12 05:20:27,14
525,Rafinha,Olympiacos ,0,1,0,0.0,0.17,0.0,0.0,,22.1,0,0,0,0.0,0.0,0.02,0.0,0.0,2020-10-25 09:57:10,51
526,Slobodan Rajkovi?,Loko Moscow,0,1,0,0.0,0.33,0.0,0.0,,7.2,0,0,0,0.1,0.1,0.06,-0.1,-0.1,2020-10-29 19:13:41,17
527,Ivan Rakiti?,Sevilla ,2,9,3,33.3,1.99,0.66,0.22,0.67,20.6,1,0,0,0.5,0.5,0.06,1.5,1.5,2020-12-22 07:53:07,71
528,Yaroslav Rakitskiy,Zenit ,0,2,0,0.0,0.38,0.0,0.0,,28.7,0,0,0,0.0,0.0,0.02,0.0,0.0,2020-02-13 12:43:54,9
529,André Ramalho,RB Salzburg,0,7,2,28.6,1.17,0.33,0.0,0.0,16.2,0,0,0,0.3,0.3,0.04,-0.3,-0.3,2020-06-04 08:19:00,62
530,Cristian Ramírez,Krasnodar ,1,7,2,28.6,1.27,0.36,0.14,0.5,24.4,0,0,0,0.2,0.2,0.03,0.8,0.8,2020-09-20 10:14:34,57
531,Sergio Ramos,Real Madrid,1,4,2,50.0,1.33,0.67,0.25,0.5,8.9,0,0,0,0.2,0.2,0.06,0.8,0.8,2020-06-08 04:50:43,71
532,Aaron Ramsey,Juventus ,0,5,1,20.0,1.67,0.33,0.0,0.0,19.5,0,0,0,0.2,0.2,0.04,-0.2,-0.2,2020-04-18 23:03:51,4
533,Lazar Ran?elovi?,Olympiacos ,0,2,1,50.0,0.76,0.38,0.0,0.0,15.4,0,0,0,0.1,0.1,0.06,-0.1,-0.1,2020-08-05 19:16:52,4
534,Marcus Rashford,Manchester Utd,6,18,11,61.1,3.91,2.39,0.28,0.45,19.9,1,1,1,3.1,2.4,0.13,2.9,2.6,2020-06-13 05:13:04,11
535,Pepe Reina,Lazio ,0,0,0,,0.0,0.0,,,,0,0,0,0.0,0.0,,0.0,0.0,2020-02-03 16:11:33,14
536,Reinier,Dortmund ,0,0,0,,0.0,0.0,,,,0,0,0,0.0,0.0,,0.0,0.0,2020-11-20 10:19:11,97
537,Karim Rekik,Sevilla ,0,1,1,100.0,0.41,0.41,0.0,0.0,6.0,0,0,0,0.6,0.6,0.57,-0.6,-0.6,2020-11-07 16:40:54,65
538,Marco Reus,Dortmund ,0,6,2,33.3,1.57,0.52,0.0,0.0,17.6,1,0,0,0.3,0.3,0.05,-0.3,-0.3,2020-06-28 02:34:42,86
539,Gio Reyna,Dortmund ,0,6,1,16.7,1.33,0.22,0.0,0.0,16.0,0,0,0,0.5,0.5,0.08,-0.5,-0.5,2020-08-14 23:36:27,21
540,Federico Ricca,Club Brugge,0,0,0,,0.0,0.0,,,,0,0,0,0.0,0.0,,0.0,0.0,2020-10-28 04:14:17,28
541,Chris Richards,Bayern Munich,0,0,0,,0.0,0.0,,,,0,0,0,0.0,0.0,,0.0,0.0,2020-07-05 01:19:09,22
542,Mats Rits,Club Brugge,0,2,1,50.0,0.56,0.28,0.0,0.0,9.0,0,0,0,0.1,0.1,0.05,-0.1,-0.1,2020-05-02 15:07:22,42
543,Sergi Roberto,Barcelona ,0,1,1,100.0,0.49,0.49,0.0,0.0,5.4,0,0,0,0.2,0.2,0.25,-0.2,-0.2,2020-01-22 22:54:17,55
544,Andrew Robertson,Liverpool ,0,3,0,0.0,0.69,0.0,0.0,,21.5,0,0,0,0.1,0.1,0.02,-0.1,-0.1,2020-07-27 04:27:20,70
545,Marc Roca,Bayern Munich,0,1,0,0.0,0.58,0.0,0.0,,27.5,0,0,0,0.0,0.0,0.01,0.0,0.0,2020-10-04 21:50:15,91
546,Rodri,Manchester City,0,4,2,50.0,1.0,0.5,0.0,0.0,24.6,0,0,0,0.1,0.1,0.03,-0.1,-0.1,2020-08-06 08:37:17,19
547,Gerson Rodrigues,Dynamo Kyiv,0,2,1,50.0,1.01,0.51,0.0,0.0,24.4,0,0,0,0.1,0.1,0.03,-0.1,-0.1,2020-04-08 08:11:08,30
548,Pedro Rodrigues,Olympiacos ,0,0,0,,0.0,0.0,,,,0,0,0,0.0,0.0,,0.0,0.0,2020-10-29 12:29:06,62
549,Óscar Rodríguez Arnaiz,Sevilla ,0,3,1,33.3,1.48,0.49,0.0,0.0,19.5,0,0,0,0.1,0.1,0.04,-0.1,-0.1,2020-04-27 21:32:55,93
550,Rodrygo,Real Madrid,1,4,1,25.0,1.38,0.34,0.25,1.0,14.0,0,0,0,0.3,0.3,0.07,0.7,0.7,2020-08-21 07:07:48,5
551,Cristian Romero,Atalanta ,1,4,2,50.0,0.81,0.4,0.25,0.5,8.5,0,0,0,0.3,0.3,0.08,0.7,0.7,2020-07-06 13:36:21,11
552,Cristiano Ronaldo,Juventus ,4,15,6,40.0,3.76,1.5,0.13,0.33,19.8,2,2,2,4.0,2.5,0.16,0.0,-0.5,2020-08-15 15:32:48,80
553,Valentin Rongier,Marseille ,0,6,0,0.0,1.22,0.0,0.0,,23.8,0,0,0,0.2,0.2,0.04,-0.2,-0.2,2020-09-17 00:21:05,53
554,Marten de Roon,Atalanta ,0,1,0,0.0,0.31,0.0,0.0,,17.0,0,0,0,0.1,0.1,0.14,-0.1,-0.1,2020-05-30 22:03:23,79
555,Antonio Rüdiger,Chelsea ,0,1,0,0.0,0.31,0.0,0.0,,6.0,0,0,0,0.1,0.1,0.09,-0.1,-0.1,2020-10-02 00:42:14,56
556,Daniele Rugani,Rennes ,0,0,0,,0.0,0.0,,,,0,0,0,0.0,0.0,,0.0,0.0,2020-07-03 13:00:52,12
557,Matteo Ruggeri,Atalanta ,0,1,0,0.0,6.0,0.0,0.0,,9.5,0,0,0,0.0,0.0,0.05,0.0,0.0,2020-04-29 16:13:37,19
558,Georginio Rutter,Rennes ,1,3,1,33.3,12.86,4.29,0.0,0.0,13.4,0,1,1,1.5,0.8,0.26,-0.5,-0.8,2020-05-06 07:25:46,82
559,Dmitrii Rybchinskii,Loko Moscow,0,2,1,50.0,1.15,0.58,0.0,0.0,18.3,0,0,0,0.1,0.1,0.07,-0.1,-0.1,2020-01-10 19:25:37,42
560,Maciej Rybus,Loko Moscow,0,2,1,50.0,0.33,0.17,0.0,0.0,22.8,1,0,0,0.1,0.1,0.03,-0.1,-0.1,2020-03-19 05:34:58,61
561,José Sá,Olympiacos ,0,0,0,,0.0,0.0,,,,0,0,0,0.0,0.0,,0.0,0.0,2020-05-11 20:13:36,71
562,Marcel Sabitzer,RB Leipzig,0,10,0,0.0,2.33,0.0,0.0,,24.1,0,0,0,0.4,0.4,0.04,-0.4,-0.4,2020-03-22 05:08:50,97
563,Leon Sabua,Krasnodar ,0,0,0,,0.0,0.0,,,,0,0,0,0.0,0.0,,0.0,0.0,2020-08-01 16:38:16,90
564,Matvei Safonov,Krasnodar ,0,0,0,,0.0,0.0,,,,0,0,0,0.0,0.0,,0.0,0.0,2020-05-23 09:41:40,34
565,Hiroki Sakai,Marseille ,0,0,0,,0.0,0.0,,,,0,0,0,0.0,0.0,,0.0,0.0,2020-01-12 02:30:35,85
566,Mohamed Salah,Liverpool ,3,10,5,50.0,2.15,1.07,0.2,0.4,17.8,0,1,1,2.4,1.7,0.17,0.6,0.3,2020-06-24 13:55:41,30
567,Romain Salin,Rennes ,0,0,0,,0.0,0.0,,,,0,0,0,0.0,0.0,,0.0,0.0,2020-07-17 15:56:43,76
568,Alexis Sánchez,Inter ,0,4,0,0.0,2.95,0.0,0.0,,16.1,1,0,0,0.4,0.4,0.09,-0.4,-0.4,2020-05-01 00:49:41,31
569,Jadon Sancho,Dortmund ,2,5,3,60.0,1.52,0.91,0.2,0.33,19.5,1,1,1,1.1,0.3,0.07,0.9,0.7,2020-10-19 03:27:58,81
570,Alex Sandro,Juventus ,0,2,0,0.0,0.67,0.0,0.0,,12.9,0,0,0,0.1,0.1,0.06,-0.1,-0.1,2020-09-08 04:44:32,12
571,Leroy Sané,Bayern Munich,2,9,3,33.3,3.7,1.23,0.22,0.67,17.4,0,0,0,0.7,0.7,0.08,1.3,1.3,2020-11-26 08:50:03,76
572,Morgan Sanson,Marseille ,0,5,2,40.0,1.22,0.49,0.0,0.0,21.7,0,0,0,0.2,0.2,0.04,-0.2,-0.2,2020-06-05 13:40:19,8
573,Douglas Santos,Zenit ,0,0,0,,0.0,0.0,,,,0,0,0,0.0,0.0,,0.0,0.0,2020-12-22 17:45:55,11
574,Zaidu Sanusi,Porto ,1,7,4,57.1,1.2,0.68,0.14,0.25,11.4,0,0,0,1.3,1.3,0.24,-0.3,-0.3,2020-05-30 16:17:26,97
575,Pablo Sarabia,Paris S-G,0,3,0,0.0,1.89,0.0,0.0,,12.4,0,0,0,1.1,1.1,0.36,-1.1,-1.1,2020-12-20 02:48:39,8
576,Bouna Sarr,Bayern Munich,0,3,0,0.0,1.45,0.0,0.0,,26.8,0,0,0,0.0,0.0,0.02,0.0,0.0,2020-09-02 14:14:49,15
577,Malang Sarr,Porto ,0,0,0,,0.0,0.0,,,,0,0,0,0.0,0.0,,0.0,0.0,2020-08-14 14:00:08,28
578,Stefan Savi?,Atlético Madrid,0,2,0,0.0,0.33,0.0,0.0,,15.5,0,0,0,0.2,0.2,0.08,-0.2,-0.2,2020-02-27 21:08:06,93
579,Alexander Scholz,Midtjylland ,2,3,2,66.7,0.5,0.33,0.33,0.5,22.4,0,1,1,0.9,0.1,0.04,1.1,0.9,2020-03-06 04:35:04,63
580,Siebe Schrijvers,Club Brugge,0,1,0,0.0,3.46,0.0,0.0,,41.0,1,0,0,0.1,0.1,0.08,-0.1,-0.1,2020-07-30 21:03:47,14
581,Nico Schulz,Dortmund ,0,1,0,0.0,0.76,0.0,0.0,,11.4,0,0,0,0.2,0.2,0.18,-0.2,-0.2,2020-06-21 13:34:46,24
582,Perr Schuurs,Ajax ,0,7,1,14.3,1.25,0.18,0.0,0.0,24.6,0,0,0,0.3,0.3,0.04,-0.3,-0.3,2020-01-16 22:47:54,76
583,Rúben Semedo,Olympiacos ,0,3,0,0.0,0.51,0.0,0.0,,7.3,0,0,0,0.4,0.4,0.12,-0.4,-0.4,2020-11-07 17:18:43,9
584,Stefano Sensi,Inter ,0,0,0,,0.0,0.0,,,,0,0,0,0.0,0.0,,0.0,0.0,2020-12-01 07:24:35,12
585,Artem Shabanov,Dynamo Kyiv,0,1,0,0.0,1.0,0.0,0.0,,8.0,0,0,0,0.0,0.0,0.04,0.0,0.0,2020-06-21 01:21:51,80
586,Daniil Shamkin,Zenit ,0,0,0,,0.0,0.0,,,,0,0,0,0.0,0.0,,0.0,0.0,2020-05-18 07:33:17,27
587,Mykola Shaparenko,Dynamo Kyiv,0,3,1,33.3,0.63,0.21,0.0,0.0,18.0,1,0,0,0.2,0.2,0.06,-0.2,-0.2,2020-09-17 14:45:20,83
588,Xherdan Shaqiri,Liverpool ,0,1,0,0.0,0.74,0.0,0.0,,9.0,0,0,0,0.1,0.1,0.07,-0.1,-0.1,2020-04-06 21:16:34,19
589,Luke Shaw,Manchester Utd,0,2,0,0.0,0.55,0.0,0.0,,19.3,0,0,0,0.1,0.1,0.04,-0.1,-0.1,2020-08-13 20:12:39,39
590,Volodymyr Shepelyev,Dynamo Kyiv,0,0,0,,0.0,0.0,,,,0,0,0,0.0,0.0,,0.0,0.0,2020-08-02 08:05:56,17
591,Dávid Sigér,Ferencváros ,0,4,0,0.0,0.93,0.0,0.0,,21.7,0,0,0,0.1,0.1,0.04,-0.1,-0.1,2020-07-23 11:39:52,50
592,Bernardo Silva,Manchester City,0,6,3,50.0,1.41,0.71,0.0,0.0,12.0,0,0,0,0.6,0.6,0.1,-0.6,-0.6,2020-10-14 02:23:53,15
593,Thiago Silva,Chelsea ,0,0,0,,0.0,0.0,,,,0,0,0,0.0,0.0,,0.0,0.0,2020-10-09 06:07:26,71
594,Aleksandr Silyanov,Loko Moscow,0,0,0,,0.0,0.0,,,,0,0,0,0.0,0.0,,0.0,0.0,2020-03-10 09:57:12,46
595,Pione Sisto,Midtjylland ,0,1,0,0.0,0.26,0.0,0.0,,28.5,0,0,0,0.0,0.0,0.02,0.0,0.0,2020-02-26 13:19:52,54
596,Milan kriniar,Inter ,0,2,0,0.0,0.67,0.0,0.0,,14.3,0,0,0,0.1,0.1,0.05,-0.1,-0.1,2020-06-03 11:39:37,82
597,Martin krtel,Ba?ak?ehir ,0,0,0,,0.0,0.0,,,,0,0,0,0.0,0.0,,0.0,0.0,2020-01-18 04:40:53,12
598,Igor Smolnikov,Krasnodar ,0,3,0,0.0,0.6,0.0,0.0,,26.4,0,0,0,0.1,0.1,0.02,-0.1,-0.1,2020-06-15 13:46:07,97
599,Fyodor Smolov,Loko Moscow,0,3,2,66.7,1.36,0.91,0.0,0.0,13.3,0,0,0,0.3,0.3,0.09,-0.3,-0.3,2020-02-10 21:43:45,72
600,Eduard Sobol,Club Brugge,0,5,0,0.0,1.44,0.0,0.0,,20.7,0,0,0,0.4,0.4,0.08,-0.4,-0.4,2020-11-13 23:24:48,98
601,Manor Solomon,Shakhtar ,2,3,2,66.7,0.73,0.49,0.67,1.0,16.5,0,0,0,0.3,0.3,0.11,1.7,1.7,2020-12-01 13:00:48,24
602,Somália,Ferencváros ,0,1,0,0.0,0.19,0.0,0.0,,12.7,0,0,0,0.0,0.0,0.04,0.0,0.0,2020-01-14 04:56:24,44
603,Yann Sommer,M'Gladbach ,0,0,0,,0.0,0.0,,,,0,0,0,0.0,0.0,,0.0,0.0,2020-05-31 21:01:40,75
604,Brandon Soppy,Rennes ,0,0,0,,0.0,0.0,,,,0,0,0,0.0,0.0,,0.0,0.0,2020-05-09 19:54:14,16
605,Yegor Sorokin,Krasnodar ,0,0,0,,0.0,0.0,,,,0,0,0,0.0,0.0,,0.0,0.0,2020-08-11 20:05:08,89
606,Hillel Soudani,Olympiacos ,0,0,0,,0.0,0.0,,,,0,0,0,0.0,0.0,,0.0,0.0,2020-02-16 09:53:06,90
607,Eduard Spertsyan,Krasnodar ,0,1,0,0.0,2.25,0.0,0.0,,19.7,0,0,0,0.0,0.0,0.03,0.0,0.0,2020-06-13 00:25:18,83
608,Marco Sportiello,Atalanta ,0,0,0,,0.0,0.0,,,,0,0,0,0.0,0.0,,0.0,0.0,2020-05-04 13:28:30,31
609,Cican Stankovic,RB Salzburg,0,0,0,,0.0,0.0,,,,0,0,0,0.0,0.0,,0.0,0.0,2020-04-20 19:47:48,13
610,Zack Steffen,Manchester City,0,0,0,,0.0,0.0,,,,0,0,0,0.0,0.0,,0.0,0.0,2020-11-25 19:10:58,82
611,Taras Stepanenko,Shakhtar ,0,1,0,0.0,0.31,0.0,0.0,,23.8,0,0,0,0.0,0.0,0.04,0.0,0.0,2020-09-03 01:47:07,56
612,Raheem Sterling,Manchester City,1,10,6,60.0,1.91,1.15,0.1,0.17,16.3,1,0,0,1.4,1.4,0.14,-0.4,-0.4,2020-04-11 02:30:00,94
613,Angelo Stiller,Bayern Munich,0,0,0,,0.0,0.0,,,,0,0,0,0.0,0.0,,0.0,0.0,2020-03-12 15:13:05,57
614,Lars Stindl,M'Gladbach ,2,7,2,28.6,1.65,0.47,0.14,0.5,18.3,1,1,1,1.3,0.6,0.08,0.7,0.4,2020-08-27 05:08:27,98
615,John Stones,Manchester City,0,0,0,,0.0,0.0,,,,0,0,0,0.0,0.0,,0.0,0.0,2020-10-22 03:10:24,13
616,Thomas Strakosha,Lazio ,0,0,0,,0.0,0.0,,,,0,0,0,0.0,0.0,,0.0,0.0,2020-12-18 03:53:03,32
617,Kevin Strootman,Marseille ,0,0,0,,0.0,0.0,,,,0,0,0,0.0,0.0,,0.0,0.0,2020-07-21 10:07:37,52
618,Luis Suárez,Atlético Madrid,0,7,2,28.6,2.04,0.58,0.0,0.0,12.9,0,0,0,0.5,0.5,0.08,-0.5,-0.5,2020-06-01 07:53:41,59
619,Luka Su?i?,RB Salzburg,0,2,1,50.0,4.19,2.09,0.0,0.0,16.4,0,0,0,0.4,0.4,0.22,-0.4,-0.4,2020-02-21 17:59:09,44
620,Heorhii Sudakov,Shakhtar ,0,0,0,,0.0,0.0,,,,0,0,0,0.0,0.0,,0.0,0.0,2020-09-03 22:13:46,31
621,Niklas Süle,Bayern Munich,1,4,2,50.0,1.0,0.5,0.25,0.5,7.8,0,0,0,0.6,0.6,0.15,0.4,0.4,2020-04-12 15:18:31,31
622,Magomed-Shapi Suleymanov,Krasnodar ,1,3,1,33.3,1.3,0.43,0.33,1.0,21.9,2,0,0,0.2,0.2,0.07,0.8,0.8,2020-08-15 00:03:45,22
623,Vladyslav Supriaha,Dynamo Kyiv,0,2,1,50.0,0.58,0.29,0.0,0.0,9.1,0,0,0,0.6,0.6,0.28,-0.6,-0.6,2020-05-09 00:10:37,76
624,Suso,Sevilla ,0,3,2,66.7,2.05,1.36,0.0,0.0,17.8,1,0,0,0.1,0.1,0.05,-0.1,-0.1,2020-07-28 16:28:47,5
625,Aleksei Sutormin,Zenit ,0,2,0,0.0,0.73,0.0,0.0,,15.6,0,0,0,0.1,0.1,0.07,-0.1,-0.1,2020-05-27 08:30:11,64
626,Erik Sviatchenko,Midtjylland ,0,6,2,33.3,1.2,0.4,0.0,0.0,13.5,0,0,0,0.4,0.4,0.06,-0.4,-0.4,2020-10-06 15:39:36,92
627,Serhiy Sydorchuk,Dynamo Kyiv,0,3,2,66.7,0.76,0.51,0.0,0.0,31.4,0,0,0,0.0,0.0,0.02,0.0,0.0,2020-04-11 10:34:56,64
628,Wojciech Szcz?sny,Juventus ,0,0,0,,0.0,0.0,,,,0,0,0,0.0,0.0,,0.0,0.0,2020-07-28 20:04:30,52
629,Dominik Szoboszlai,RB Salzburg,2,12,5,41.7,2.14,0.89,0.17,0.4,21.6,3,0,0,1.5,1.5,0.13,0.5,0.5,2020-12-21 05:13:23,14
630,Alexander Sørloth,RB Leipzig,1,3,1,33.3,3.91,1.3,0.33,1.0,13.3,0,0,0,0.2,0.2,0.07,0.8,0.8,2020-07-31 00:29:46,54
631,Duan Tadi?,Ajax ,2,5,2,40.0,0.83,0.33,0.2,0.5,15.6,1,1,1,1.3,0.6,0.11,0.7,0.4,2020-10-03 03:34:10,5
632,Nicolás Tagliafico,Ajax ,0,2,1,50.0,0.35,0.18,0.0,0.0,18.2,0,0,0,0.1,0.1,0.05,-0.1,-0.1,2020-07-08 12:08:09,9
633,Taison,Shakhtar ,0,5,2,40.0,1.61,0.65,0.0,0.0,22.2,1,0,0,0.4,0.4,0.08,-0.4,-0.4,2020-04-12 06:56:24,12
634,Flavien Tait,Rennes ,0,2,1,50.0,4.19,2.09,0.0,0.0,12.5,0,0,0,0.3,0.3,0.13,-0.3,-0.3,2020-05-18 06:54:02,6
635,Mehdi Taremi,Porto ,0,1,1,100.0,3.0,3.0,0.0,0.0,71.0,0,0,0,0.0,0.0,0.03,0.0,0.0,2020-06-04 19:00:13,44
636,Mahmut Tekdemir,Ba?ak?ehir ,0,2,1,50.0,1.01,0.51,0.0,0.0,13.4,0,0,0,0.1,0.1,0.07,-0.1,-0.1,2020-12-23 02:50:10,22
637,Alex Telles,Manchester Utd,0,0,0,,0.0,0.0,,,,0,0,0,0.0,0.0,,0.0,0.0,2020-09-23 06:01:19,28
638,Marc-André ter Stegen,Barcelona ,0,0,0,,0.0,0.0,,,,0,0,0,0.0,0.0,,0.0,0.0,2020-10-29 18:22:58,82
639,Martin Terrier,Rennes ,0,2,1,50.0,0.75,0.37,0.0,0.0,19.2,0,0,0,0.1,0.1,0.03,-0.1,-0.1,2020-12-18 23:07:27,25
640,Tetê,Shakhtar ,1,13,7,53.8,2.28,1.23,0.08,0.14,19.0,0,0,0,1.5,1.5,0.11,-0.5,-0.5,2020-11-14 22:47:45,44
641,Florian Thauvin,Marseille ,0,5,2,40.0,0.94,0.38,0.0,0.0,20.6,0,0,0,0.3,0.3,0.06,-0.3,-0.3,2020-04-29 03:42:52,39
642,Marcus Thuram,M'Gladbach ,2,12,6,50.0,2.13,1.07,0.17,0.33,12.3,0,0,0,1.4,1.4,0.12,0.6,0.6,2020-10-24 23:07:41,50
643,Jurrien Timber,Ajax ,0,0,0,,,,,,,0,0,0,0.0,0.0,,0.0,0.0,2020-06-30 10:25:31,65
644,Corentin Tolisso,Bayern Munich,1,6,2,33.3,2.13,0.71,0.17,0.5,17.6,0,0,0,0.4,0.4,0.07,0.6,0.6,2020-07-23 10:00:22,87
645,Rafael Tolói,Atalanta ,0,0,0,,0.0,0.0,,,,0,0,0,0.0,0.0,,0.0,0.0,2020-10-21 14:36:47,32
646,Mehmet Topal,Ba?ak?ehir ,1,1,1,100.0,0.4,0.4,1.0,1.0,7.0,0,0,0,0.3,0.3,0.32,0.7,0.7,2020-10-08 08:07:47,77
647,Lucas Torreira,Atlético Madrid,0,0,0,,0.0,0.0,,,,0,0,0,0.0,0.0,,0.0,0.0,2020-02-24 08:25:57,46
648,Ferrán Torres,Manchester City,4,12,5,41.7,3.09,1.29,0.33,0.8,13.2,0,0,0,2.5,2.5,0.21,1.5,1.5,2020-02-10 09:26:43,1
649,Óliver Torres,Sevilla ,0,1,1,100.0,0.38,0.38,0.0,0.0,20.2,0,0,0,0.0,0.0,0.04,0.0,0.0,2020-02-19 01:58:51,95
650,Amad Traoré,Atalanta ,0,3,2,66.7,11.74,7.83,0.0,0.0,14.2,0,0,0,0.5,0.5,0.17,-0.5,-0.5,2020-04-28 23:14:52,61
651,Hamari Traoré,Rennes ,0,5,0,0.0,0.83,0.0,0.0,,26.8,0,0,0,0.1,0.1,0.02,-0.1,-0.1,2020-12-11 15:32:10,3
652,Ibrahima Traoré,M'Gladbach ,0,0,0,,0.0,0.0,,,,0,0,0,0.0,0.0,,0.0,0.0,2020-02-20 14:41:38,89
653,Francisco Trincão,Barcelona ,0,10,5,50.0,3.04,1.52,0.0,0.0,18.1,0,0,0,1.4,1.4,0.14,-1.4,-1.4,2020-04-24 00:23:27,19
654,Kieran Trippier,Atlético Madrid,0,0,0,,0.0,0.0,,,,0,0,0,0.0,0.0,,0.0,0.0,2020-05-06 04:16:21,16
655,Anatolii Trubin,Shakhtar ,0,0,0,,0.0,0.0,,,,0,0,0,0.0,0.0,,0.0,0.0,2020-05-28 05:04:46,8
656,Adrien Truffert,Rennes ,0,3,1,33.3,1.12,0.37,0.0,0.0,22.3,0,0,0,0.1,0.1,0.04,-0.1,-0.1,2020-05-01 12:23:37,28
657,Kostas Tsimikas,Liverpool ,0,1,0,0.0,0.7,0.0,0.0,,10.8,0,0,0,0.0,0.0,0.04,0.0,0.0,2020-02-16 12:52:45,2
658,Viktor Tsyhankov,Dynamo Kyiv,2,8,6,75.0,1.7,1.28,0.13,0.17,13.6,1,1,1,3.0,2.2,0.28,-1.0,-1.2,2020-04-20 09:38:36,56
659,Axel Tuanzebe,Manchester Utd,0,1,0,0.0,0.44,0.0,0.0,,10.0,0,0,0,0.0,0.0,0.03,0.0,0.0,2020-02-19 21:04:28,56
660,Deniz Turuc,Ba?ak?ehir ,1,6,3,50.0,1.03,0.52,0.17,0.33,18.7,3,0,0,0.5,0.5,0.08,0.5,0.5,2020-02-11 01:29:10,17
661,Andreas Ulmer,RB Salzburg,0,9,3,33.3,1.5,0.5,0.0,0.0,20.2,0,0,0,0.3,0.3,0.03,-0.3,-0.3,2020-07-19 07:16:15,72
662,Samuel Umtiti,Barcelona ,0,0,0,,0.0,0.0,,,,0,0,0,0.0,0.0,,0.0,0.0,2020-11-29 12:56:08,98
663,Dayot Upamecano,RB Leipzig,0,4,2,50.0,0.85,0.42,0.0,0.0,15.0,0,0,0,0.1,0.1,0.03,-0.1,-0.1,2020-04-05 03:05:17,25
664,Mateus Uribe,Porto ,1,3,1,33.3,0.7,0.23,0.33,1.0,16.7,0,0,0,0.3,0.3,0.1,0.7,0.7,2020-04-15 20:46:39,4
665,Daniil Utkin,Krasnodar ,0,7,2,28.6,2.81,0.8,0.0,0.0,20.7,2,0,0,0.4,0.4,0.06,-0.4,-0.4,2020-08-07 05:10:36,16
666,Myrto Uzuni,Ferencváros ,1,2,2,100.0,0.74,0.74,0.5,0.5,12.1,0,0,0,0.3,0.3,0.16,0.7,0.7,2020-04-27 08:41:12,27
667,Tomá Vaclík,Sevilla ,0,0,0,,0.0,0.0,,,,0,0,0,0.0,0.0,,0.0,0.0,2020-07-14 02:07:02,96
668,Mathieu Valbuena,Olympiacos ,0,5,2,40.0,1.76,0.7,0.0,0.0,14.2,0,0,0,0.8,0.8,0.15,-0.8,-0.8,2020-09-11 06:59:47,71
669,Albert Vallci,RB Salzburg,0,0,0,,0.0,0.0,,,,0,0,0,0.0,0.0,,0.0,0.0,2020-02-02 18:19:15,3
670,Federico Valverde,Real Madrid,0,4,0,0.0,1.33,0.0,0.0,,21.5,0,0,0,0.2,0.2,0.05,-0.2,-0.2,2020-02-22 04:16:58,11
671,Thomas Van den Keybus,Club Brugge,0,0,0,,0.0,0.0,,,,0,0,0,0.0,0.0,,0.0,0.0,2020-05-06 10:15:26,25
672,Ignace Van Der Brempt,Club Brugge,0,0,0,,0.0,0.0,,,,0,0,0,0.0,0.0,,0.0,0.0,2020-10-15 13:19:00,56
673,Hans Vanaken,Club Brugge,3,6,3,50.0,1.02,0.51,0.17,0.33,15.6,0,2,2,2.0,0.5,0.08,1.0,0.5,2020-10-09 22:07:45,60
674,Raphaël Varane,Real Madrid,0,2,1,50.0,0.33,0.17,0.0,0.0,7.8,0,0,0,0.1,0.1,0.06,-0.1,-0.1,2020-03-08 06:49:22,18
675,Franco Vázquez,Sevilla ,0,2,0,0.0,2.0,0.0,0.0,,13.6,0,0,0,0.2,0.2,0.08,-0.2,-0.2,2020-12-13 06:01:42,54
676,Lucas Vázquez,Real Madrid,0,8,0,0.0,1.6,0.0,0.0,,17.2,0,0,0,1.0,1.0,0.12,-1.0,-1.0,2020-08-27 05:03:15,86
677,Benjamin Verbi?,Dynamo Kyiv,0,4,2,50.0,1.25,0.63,0.0,0.0,17.8,0,0,0,0.5,0.5,0.11,-0.5,-0.5,2020-07-29 21:56:42,54
678,Marco Verratti,Paris S-G,0,2,0,0.0,1.1,0.0,0.0,,19.0,0,0,0,0.1,0.1,0.04,-0.1,-0.1,2020-01-10 21:24:38,95
679,Lasse Vibe,Midtjylland ,0,0,0,,0.0,0.0,,,,0,0,0,0.0,0.0,,0.0,0.0,2020-10-21 11:45:57,41
680,Arturo Vidal,Inter ,0,4,0,0.0,1.26,0.0,0.0,,20.8,0,0,0,0.3,0.3,0.07,-0.3,-0.3,2020-02-12 02:28:34,97
681,Fabio Vieira,Porto ,1,2,1,50.0,1.24,0.62,0.5,1.0,18.0,0,0,0,0.5,0.5,0.24,0.5,0.5,2020-11-18 00:32:49,34
682,Tonny Vilhena,Krasnodar ,0,5,0,0.0,1.17,0.0,0.0,,22.3,0,0,0,0.3,0.3,0.06,-0.3,-0.3,2020-06-11 23:39:59,8
683,Rúben Vinagre,Olympiacos ,0,0,0,,0.0,0.0,,,,0,0,0,0.0,0.0,,0.0,0.0,2020-03-12 06:05:43,63
684,Edin Vi?a,Ba?ak?ehir ,1,19,6,31.6,4.04,1.28,0.05,0.17,20.2,1,0,0,1.4,1.4,0.07,-0.4,-0.4,2020-02-26 20:47:40,38
685,Vitão,Shakhtar ,0,0,0,,0.0,0.0,,,,0,0,0,0.0,0.0,,0.0,0.0,2020-09-24 03:43:40,70
686,Vitolo,Atlético Madrid,0,0,0,,0.0,0.0,,,,0,0,0,0.0,0.0,,0.0,0.0,2020-05-05 15:48:16,21
687,Bohdan Viunnyk,Shakhtar ,0,0,0,,0.0,0.0,,,,0,0,0,0.0,0.0,,0.0,0.0,2020-07-11 10:11:32,27
688,Ruud Vormer,Club Brugge,1,10,3,30.0,1.74,0.52,0.1,0.33,15.9,1,0,0,1.6,1.6,0.16,-0.6,-0.6,2020-03-30 03:14:37,67
689,Stefan de Vrij,Inter ,0,2,0,0.0,0.33,0.0,0.0,,9.0,0,0,0,0.2,0.2,0.08,-0.2,-0.2,2020-07-17 05:50:52,51
690,Marious Vrousai,Olympiacos ,0,3,2,66.7,1.45,0.97,0.0,0.0,18.6,0,0,0,0.1,0.1,0.03,-0.1,-0.1,2020-09-26 17:00:32,35
691,Kyle Walker,Manchester City,0,1,1,100.0,0.26,0.26,0.0,0.0,25.8,0,0,0,0.0,0.0,0.01,0.0,0.0,2020-11-28 05:19:36,58
692,Aaron Wan-Bissaka,Manchester Utd,0,0,0,,0.0,0.0,,,,0,0,0,0.0,0.0,,0.0,0.0,2020-04-18 18:53:34,44
693,Wanderson,Krasnodar ,1,5,2,40.0,2.21,0.88,0.2,0.5,16.1,0,0,0,0.3,0.3,0.06,0.7,0.7,2020-02-15 06:42:09,70
694,Wendel,Zenit ,0,3,2,66.7,1.93,1.29,0.0,0.0,25.9,0,0,0,0.1,0.1,0.03,-0.1,-0.1,2020-05-05 22:01:00,77
695,Oscar Wendt,M'Gladbach ,1,2,1,50.0,0.85,0.42,0.5,1.0,25.9,1,0,0,0.1,0.1,0.05,0.9,0.9,2020-08-14 04:15:57,53
696,Timo Werner,Chelsea ,3,6,3,50.0,1.41,0.71,0.0,0.0,18.8,0,3,3,3.8,1.3,0.21,-0.8,-1.3,2020-09-21 21:50:58,20
697,Georginio Wijnaldum,Liverpool ,0,4,1,25.0,0.98,0.25,0.0,0.0,20.5,0,0,0,0.5,0.5,0.12,-0.5,-0.5,2020-12-12 04:49:08,63
698,Brandon Williams,Manchester Utd,0,0,0,,0.0,0.0,,,,0,0,0,0.0,0.0,,0.0,0.0,2020-02-03 19:43:59,32
699,Neco Williams,Liverpool ,0,2,0,0.0,0.95,0.0,0.0,,17.6,0,0,0,0.1,0.1,0.06,-0.1,-0.1,2020-11-23 04:23:06,37
700,Rhys Williams,Liverpool ,0,0,0,,0.0,0.0,,,,0,0,0,0.0,0.0,,0.0,0.0,2020-09-06 09:03:42,87
701,Axel Witsel,Dortmund ,1,4,2,50.0,0.99,0.5,0.25,0.5,21.3,0,0,0,0.2,0.2,0.04,0.8,0.8,2020-07-01 01:43:11,99
702,Maximilian Wöber,RB Salzburg,0,4,0,0.0,0.7,0.0,0.0,,20.2,0,0,0,0.1,0.1,0.02,-0.1,-0.1,2020-07-01 12:49:34,13
703,Hannes Wolf,M'Gladbach ,0,0,0,,0.0,0.0,,,,0,0,0,0.0,0.0,,0.0,0.0,2020-03-17 21:23:10,23
704,Ashley Young,Inter ,0,3,0,0.0,0.65,0.0,0.0,,20.8,0,0,0,0.1,0.1,0.03,-0.1,-0.1,2020-01-28 06:44:18,92
705,Illia Zabarnyi,Dynamo Kyiv,0,3,0,0.0,0.5,0.0,0.0,,8.7,0,0,0,0.2,0.2,0.06,-0.2,-0.2,2020-07-31 14:43:55,15
706,Dan-Axel Zagadou,Dortmund ,0,0,0,,0.0,0.0,,,,0,0,0,0.0,0.0,,0.0,0.0,2020-12-19 23:27:17,52
707,Denis Zakaria,M'Gladbach ,0,1,0,0.0,0.8,0.0,0.0,,30.1,0,0,0,0.0,0.0,0.01,0.0,0.0,2020-10-04 23:12:12,95
708,Duván Zapata,Atalanta ,3,21,10,47.6,4.22,2.01,0.14,0.3,13.8,0,0,0,3.7,3.7,0.18,-0.7,-0.7,2020-03-31 18:07:02,24
709,Rifat Zhemaletdinov,Loko Moscow,0,3,1,33.3,2.6,0.87,0.0,0.0,15.4,0,0,0,0.5,0.5,0.15,-0.5,-0.5,2020-07-29 14:20:09,95
710,Yuri Zhirkov,Zenit ,0,2,0,0.0,1.08,0.0,0.0,,24.7,0,0,0,0.1,0.1,0.04,-0.1,-0.1,2020-11-21 22:29:55,41
711,Dmitri Zhivoglyadov,Loko Moscow,0,1,0,0.0,0.17,0.0,0.0,,12.2,0,0,0,0.1,0.1,0.05,-0.1,-0.1,2020-08-30 12:30:34,11
712,Oleksandr Zinchenko,Manchester City,0,3,1,33.3,1.04,0.35,0.0,0.0,27.7,1,0,0,0.1,0.1,0.03,-0.1,-0.1,2020-01-24 01:29:21,93
713,Joshua Zirkzee,Bayern Munich,0,0,0,,0.0,0.0,,,,0,0,0,0.0,0.0,,0.0,0.0,2020-10-19 12:09:59,54
714,Hakim Ziyech,Chelsea ,1,7,4,57.1,2.84,1.62,0.14,0.25,16.5,0,0,0,0.8,0.8,0.12,0.2,0.2,2020-11-03 14:26:50,30
715,Kurt Zouma,Chelsea ,0,1,1,100.0,0.25,0.25,0.0,0.0,11.0,0,0,0,0.0,0.0,0.04,0.0,0.0,2020-03-23 08:44:31,21
716,Oleksandr Zubkov,Ferencváros ,0,8,0,0.0,1.86,0.0,0.0,,21.8,0,0,0,0.4,0.4,0.05,-0.4,-0.4,2020-09-30 09:02:21,14
717,Martin Ødegaard,Real Madrid,0,2,2,100.0,1.35,1.35,0.0,0.0,20.5,0,0,0,0.1,0.1,0.04,-0.1,-0.1,2020-02-10 11:26:15,56
